scenario_id,scenario_family_id,certificate_identity_group_id,split_group_id,data_source,protocol,split,risk_tier
PCAP-001,193def272aa2dbe6,UNOBSERVED,family:193def272aa2dbe6,synthetic_testbed,SMTP,test,LOW
PCAP-002,fdce6809c70f49bc,UNOBSERVED,family:fdce6809c70f49bc,synthetic_testbed,IMAP,train,LOW
PCAP-003,97b82c085bf93903,UNOBSERVED,family:97b82c085bf93903,synthetic_testbed,POP3,validation,LOW
PCAP-004,b04f8a9c6e095610,UNOBSERVED,family:b04f8a9c6e095610,synthetic_testbed,SMTP,train,CRITICAL
PCAP-005,6c197c358941c6f7,UNOBSERVED,family:6c197c358941c6f7,synthetic_testbed,SMTP,train,LOW
PCAP-008,68d6821174879f58,c70dd3b269a7be6c,family:c0309eafc386afe6,synthetic_testbed,SMTP,train,LOW
PCAP-010,85bf75ee502d1d60,UNOBSERVED,family:85bf75ee502d1d60,synthetic_testbed,SMTP,test,HIGH
PCAP-011,7b8ac33079cca813,UNOBSERVED,family:7b8ac33079cca813,synthetic_testbed,SMTP,train,HIGH
PCAP-012,c80ee8a4f92054d6,UNOBSERVED,family:c80ee8a4f92054d6,synthetic_testbed,SMTP,train,LOW
PCAP-013,8952895ecff3a0e1,UNOBSERVED,family:8952895ecff3a0e1,synthetic_testbed,SMTP,validation,HIGH
PCAP-014,607f79c48dc86238,UNOBSERVED,family:607f79c48dc86238,synthetic_testbed,SMTP,test,MEDIUM
PCAP-015,5deca20f9fd4d771,UNOBSERVED,family:5deca20f9fd4d771,synthetic_testbed,SMTP,test,HIGH
PCAP-016,7499228e091613c1,UNOBSERVED,family:7499228e091613c1,synthetic_testbed,SMTP,test,HIGH
PCAP-017,a90644d109c79287,UNOBSERVED,family:a90644d109c79287,synthetic_testbed,SMTP,train,MEDIUM
PCAP-018,cf4997ff4e6594dd,UNOBSERVED,family:cf4997ff4e6594dd,synthetic_testbed,SMTP,train,LOW
PCAP-019,2758116709db257f,UNOBSERVED,family:2758116709db257f,synthetic_testbed,SMTP,train,LOW
PCAP-020,f9aea16f584d2ffe,UNOBSERVED,family:f9aea16f584d2ffe,synthetic_testbed,SMTP,train,LOW
PCAP-021,193def272aa2dbe6,UNOBSERVED,family:193def272aa2dbe6,synthetic_testbed,SMTP,test,HIGH
PCAP-022,193def272aa2dbe6,UNOBSERVED,family:193def272aa2dbe6,synthetic_testbed,SMTP,test,LOW
PCAP-023,4713f5e84ff54970,UNOBSERVED,family:4713f5e84ff54970,synthetic_testbed,IMAP,validation,CRITICAL
PCAP-024,8d75c107a4475125,UNOBSERVED,family:8d75c107a4475125,synthetic_testbed,IMAP,train,LOW
PCAP-027,32cfc6336cf8cb96,c70dd3b269a7be6c,family:c0309eafc386afe6,synthetic_testbed,IMAP,train,LOW
PCAP-029,f5a87dc1aa81b600,UNOBSERVED,family:f5a87dc1aa81b600,synthetic_testbed,IMAP,train,HIGH
PCAP-030,bbe3a87ef2830f2d,UNOBSERVED,family:bbe3a87ef2830f2d,synthetic_testbed,IMAP,validation,HIGH
PCAP-031,fa18645ea3e41d59,UNOBSERVED,family:fa18645ea3e41d59,synthetic_testbed,IMAP,train,LOW
PCAP-032,fa4ce00a158dcc6a,UNOBSERVED,family:fa4ce00a158dcc6a,synthetic_testbed,IMAP,train,HIGH
PCAP-033,c924f569b959c68b,UNOBSERVED,family:c924f569b959c68b,synthetic_testbed,IMAP,test,MEDIUM
PCAP-034,45ab2ac1a2fe1c81,UNOBSERVED,family:45ab2ac1a2fe1c81,synthetic_testbed,IMAP,train,HIGH
PCAP-035,920c818979e5337a,UNOBSERVED,family:920c818979e5337a,synthetic_testbed,IMAP,train,HIGH
PCAP-036,b93b7b779a190a7b,UNOBSERVED,family:b93b7b779a190a7b,synthetic_testbed,IMAP,train,MEDIUM
PCAP-037,dad9ba677925a8d4,UNOBSERVED,family:dad9ba677925a8d4,synthetic_testbed,IMAP,train,LOW
PCAP-038,4a4fe93bbd1a51a8,UNOBSERVED,family:4a4fe93bbd1a51a8,synthetic_testbed,IMAP,train,LOW
PCAP-039,e27d04e701c33852,UNOBSERVED,family:e27d04e701c33852,synthetic_testbed,IMAP,train,LOW
PCAP-040,fdce6809c70f49bc,UNOBSERVED,family:fdce6809c70f49bc,synthetic_testbed,IMAP,train,HIGH
PCAP-041,fdce6809c70f49bc,UNOBSERVED,family:fdce6809c70f49bc,synthetic_testbed,IMAP,train,LOW
PCAP-042,91e7b90eb285ad06,UNOBSERVED,family:91e7b90eb285ad06,synthetic_testbed,POP3,train,CRITICAL
PCAP-043,d76073090bfee8fd,UNOBSERVED,family:d76073090bfee8fd,synthetic_testbed,POP3,train,LOW
PCAP-046,7df5a34fbc342749,c70dd3b269a7be6c,family:c0309eafc386afe6,synthetic_testbed,POP3,train,LOW
PCAP-048,64489992cb259a30,UNOBSERVED,family:64489992cb259a30,synthetic_testbed,POP3,train,HIGH
PCAP-049,0e974f8af50810b6,UNOBSERVED,family:0e974f8af50810b6,synthetic_testbed,POP3,train,HIGH
PCAP-050,4b3a0c0bce07af3c,UNOBSERVED,family:4b3a0c0bce07af3c,synthetic_testbed,POP3,validation,LOW
PCAP-051,475c7bb917962999,UNOBSERVED,family:475c7bb917962999,synthetic_testbed,POP3,train,HIGH
PCAP-052,8bf9dd45cd73368e,UNOBSERVED,family:8bf9dd45cd73368e,synthetic_testbed,POP3,validation,MEDIUM
PCAP-053,a49cd8b734002353,UNOBSERVED,family:a49cd8b734002353,synthetic_testbed,POP3,train,HIGH
PCAP-054,b152b7489d251d65,UNOBSERVED,family:b152b7489d251d65,synthetic_testbed,POP3,validation,HIGH
PCAP-055,88822c73d757dda1,UNOBSERVED,family:88822c73d757dda1,synthetic_testbed,POP3,validation,MEDIUM
PCAP-056,f7c221be7f47d3b5,UNOBSERVED,family:f7c221be7f47d3b5,synthetic_testbed,POP3,train,LOW
PCAP-057,b8e0499442000154,UNOBSERVED,family:b8e0499442000154,synthetic_testbed,POP3,validation,LOW
PCAP-058,c4c84ed24b2a1a09,UNOBSERVED,family:c4c84ed24b2a1a09,synthetic_testbed,POP3,validation,LOW
PCAP-059,97b82c085bf93903,UNOBSERVED,family:97b82c085bf93903,synthetic_testbed,POP3,validation,HIGH
PCAP-060,97b82c085bf93903,UNOBSERVED,family:97b82c085bf93903,synthetic_testbed,POP3,validation,LOW
PCAP-061,b04f8a9c6e095610,UNOBSERVED,family:b04f8a9c6e095610,synthetic_testbed,SMTP,train,CRITICAL
PCAP-062,4713f5e84ff54970,UNOBSERVED,family:4713f5e84ff54970,synthetic_testbed,IMAP,validation,CRITICAL
PCAP-063,91e7b90eb285ad06,UNOBSERVED,family:91e7b90eb285ad06,synthetic_testbed,POP3,train,CRITICAL
PCAP-064,ad85f8bf3080994e,UNOBSERVED,family:ad85f8bf3080994e,synthetic_testbed,SMTP,train,CRITICAL
PCAP-065,8579d1515ab1c50a,UNOBSERVED,family:8579d1515ab1c50a,synthetic_testbed,SMTP,test,CRITICAL
PCAP-066,d3c6cf6c4f9738ac,UNOBSERVED,family:d3c6cf6c4f9738ac,synthetic_testbed,IMAP,test,CRITICAL
PCAP-067,b93d8d0994bdd8d2,UNOBSERVED,family:b93d8d0994bdd8d2,synthetic_testbed,IMAP,train,CRITICAL
PCAP-068,87cb9f168bbaf7cc,UNOBSERVED,family:87cb9f168bbaf7cc,synthetic_testbed,POP3,test,CRITICAL
PCAP-069,46dad05388e38fc6,UNOBSERVED,family:46dad05388e38fc6,synthetic_testbed,POP3,test,CRITICAL
PCAP-070,193def272aa2dbe6,UNOBSERVED,family:193def272aa2dbe6,synthetic_testbed,SMTP,test,LOW
PCAP-071,fdce6809c70f49bc,UNOBSERVED,family:fdce6809c70f49bc,synthetic_testbed,IMAP,train,LOW
PCAP-072,97b82c085bf93903,UNOBSERVED,family:97b82c085bf93903,synthetic_testbed,POP3,validation,LOW
PCAP-074,d1565e34e83277cd,c70dd3b269a7be6c,family:c0309eafc386afe6,synthetic_testbed,SMTP,train,HIGH
PCAP-075,f45876ee281f0463,c70dd3b269a7be6c,family:c0309eafc386afe6,synthetic_testbed,SMTP,train,CRITICAL
PCAP-076,65dda35563a95e1f,c70dd3b269a7be6c,family:c0309eafc386afe6,synthetic_testbed,SMTP,train,CRITICAL
PCAP-079,cd22eb7c3381c8a9,c70dd3b269a7be6c,family:c0309eafc386afe6,synthetic_testbed,SMTP,train,HIGH
PCAP-080,adaae84f506963b6,c70dd3b269a7be6c,family:c0309eafc386afe6,synthetic_testbed,SMTP,train,MEDIUM
PCAP-081,1bbf74d8185e1027,c70dd3b269a7be6c,family:c0309eafc386afe6,synthetic_testbed,SMTP,train,HIGH
PCAP-082,b83db90a74972d19,c70dd3b269a7be6c,family:c0309eafc386afe6,synthetic_testbed,SMTP,train,CRITICAL
PCAP-083,1584e4c711313d49,c70dd3b269a7be6c,family:c0309eafc386afe6,synthetic_testbed,SMTP,train,HIGH
PCAP-084,3cef12c8d805466b,c70dd3b269a7be6c,family:c0309eafc386afe6,synthetic_testbed,SMTP,train,HIGH
PCAP-085,1a008ca9e13a6b68,c70dd3b269a7be6c,family:c0309eafc386afe6,synthetic_testbed,SMTP,train,CRITICAL
PCAP-086,2de11502ed097d8e,c70dd3b269a7be6c,family:c0309eafc386afe6,synthetic_testbed,SMTP,train,HIGH
PCAP-087,e692fc5feb00c94d,c70dd3b269a7be6c,family:c0309eafc386afe6,synthetic_testbed,SMTP,train,HIGH
PCAP-088,e1d0eb1da1a8bf1e,UNOBSERVED,family:e1d0eb1da1a8bf1e,synthetic_testbed,SMTP,train,HIGH
PCAP-089,c45fde9e03805a4d,c70dd3b269a7be6c,family:c0309eafc386afe6,synthetic_testbed,SMTP,train,HIGH
PCAP-091,7f7a37ec51fb47d4,c70dd3b269a7be6c,family:c0309eafc386afe6,synthetic_testbed,SMTP,train,HIGH
PCAP-092,928f8a6099e098d2,c70dd3b269a7be6c,family:c0309eafc386afe6,synthetic_testbed,SMTP,train,HIGH
PCAP-093,b29df29b933cc86f,c70dd3b269a7be6c,family:c0309eafc386afe6,synthetic_testbed,SMTP,train,HIGH
PCAP-095,7b32e9c7372ff269,c70dd3b269a7be6c,family:c0309eafc386afe6,synthetic_testbed,SMTP,train,CRITICAL
PCAP-097,3716664caf525be6,c70dd3b269a7be6c,family:c0309eafc386afe6,synthetic_testbed,SMTP,train,CRITICAL
PCAP-098,b4bd69188773d28a,c70dd3b269a7be6c,family:c0309eafc386afe6,synthetic_testbed,SMTP,train,HIGH
PCAP-099,c8e85c6e5c929c6f,UNOBSERVED,family:c8e85c6e5c929c6f,synthetic_testbed,SMTP,validation,HIGH
PCAP-100,0ffd1e1bf069fe78,c70dd3b269a7be6c,family:c0309eafc386afe6,synthetic_testbed,SMTP,train,HIGH
PCAP-101,3d527707fbd798c5,UNOBSERVED,family:3d527707fbd798c5,synthetic_testbed,SMTP,train,HIGH
PCAP-102,8ba14dd1a6db03ca,c70dd3b269a7be6c,family:c0309eafc386afe6,synthetic_testbed,SMTP,train,CRITICAL
PCAP-103,76a1978b4ed05138,c70dd3b269a7be6c,family:c0309eafc386afe6,synthetic_testbed,SMTP,train,CRITICAL
PCAP-104,6c9ce52b6b793fdd,c70dd3b269a7be6c,family:c0309eafc386afe6,synthetic_testbed,SMTP,train,MEDIUM
PCAP-105,4fccb871ca6569cc,c70dd3b269a7be6c,family:c0309eafc386afe6,synthetic_testbed,SMTP,train,LOW
PCAP-106,309b84bcb8ffd964,UNOBSERVED,family:309b84bcb8ffd964,synthetic_testbed,SMTP,validation,HIGH
PCAP-107,309b84bcb8ffd964,UNOBSERVED,family:309b84bcb8ffd964,synthetic_testbed,SMTP,validation,LOW
PCAP-108,193def272aa2dbe6,UNOBSERVED,family:193def272aa2dbe6,synthetic_testbed,SMTP,test,LOW
PCAP-109,68d6821174879f58,c70dd3b269a7be6c,family:c0309eafc386afe6,synthetic_testbed,SMTP,train,LOW
PCAP-110,68d6821174879f58,c70dd3b269a7be6c,family:c0309eafc386afe6,synthetic_testbed,SMTP,train,LOW
PCAP-111,6135d741d8af9872,c70dd3b269a7be6c,family:c0309eafc386afe6,synthetic_testbed,SMTP,train,LOW
PCAP-113,52f1341b8439d05b,UNOBSERVED,family:52f1341b8439d05b,synthetic_testbed,SMTP,validation,CRITICAL
PCAP-114,193def272aa2dbe6,UNOBSERVED,family:193def272aa2dbe6,synthetic_testbed,SMTP,test,LOW
PCAP-115,193def272aa2dbe6,UNOBSERVED,family:193def272aa2dbe6,synthetic_testbed,SMTP,test,LOW
PCAP-116,193def272aa2dbe6,UNOBSERVED,family:193def272aa2dbe6,synthetic_testbed,SMTP,test,LOW
PCAP-117,193def272aa2dbe6,UNOBSERVED,family:193def272aa2dbe6,synthetic_testbed,SMTP,test,LOW
PCAP-118,193def272aa2dbe6,UNOBSERVED,family:193def272aa2dbe6,synthetic_testbed,SMTP,test,HIGH
PCAP-119,68d6821174879f58,c70dd3b269a7be6c,family:c0309eafc386afe6,synthetic_testbed,SMTP,train,LOW
PCAP-120,391067a58977b168,UNOBSERVED,family:391067a58977b168,synthetic_testbed,SMTP,train,CRITICAL
PCAP-121,428a6420b08ba4b1,UNOBSERVED,family:428a6420b08ba4b1,synthetic_testbed,SMTP,validation,LOW
PCAP-122,193def272aa2dbe6,UNOBSERVED,family:193def272aa2dbe6,synthetic_testbed,SMTP,test,LOW
PCAP-123,8d75c107a4475125,UNOBSERVED,family:8d75c107a4475125,synthetic_testbed,IMAP,train,LOW
PCAP-124,d76073090bfee8fd,UNOBSERVED,family:d76073090bfee8fd,synthetic_testbed,POP3,train,LOW
PCAP-125,68d6821174879f58,c70dd3b269a7be6c,family:c0309eafc386afe6,synthetic_testbed,SMTP,train,LOW
PCAP-126,c0309eafc386afe6,c70dd3b269a7be6c,family:c0309eafc386afe6,synthetic_testbed,SMTP,train,LOW
