scenario_id,data_source,protocol,scenario_family_id,certificate_identity_group_id,expected_cipher_strength_context,comparator_status,pcap_path,pcap_sha256,expected_sidecar_sha256,observed_sidecar_sha256,comparison_sidecar_sha256,pcap_packet_count,comparison_replay_matches,family_factors
PCAP-001,synthetic,SMTP,193def272aa2dbe6,UNOBSERVED,HIGH,INCONCLUSIVE,testbed/captures/PCAP-001.pcap,39c709a008eb80888d3303a6f1351a473cd25edc77380b28d5355e94db01b2e7,18d465cc3a6cfc03ea0396958373ce8d5b99be423ab5b4441c272552a118dc19,ca1707c203e0841123e3aa052392b362f01fdb928aae2e5615b72b004dd39c0a,687b03870565e252f9dd9300219049bd84811214029ea10a4f7e4c06fd89053b,24,True,"{""cert_chain_shape"":""complete-chain"",""cert_sig_algo"":""ECDSA"",""cert_validity"":""valid"",""cipher_strength"":""HIGH"",""protocol"":""SMTP"",""starttls_integrity"":""N/A"",""tls_presence"":""implicit-TLS"",""tls_version"":""1.3""}"
PCAP-002,synthetic,IMAP,fdce6809c70f49bc,UNOBSERVED,HIGH,INCONCLUSIVE,testbed/captures/PCAP-002.pcap,3af6b700b6d53ed51bd939dbff740bc06370d69cfa45c0f677b5e8d601320612,d3c3698a22d993c57f32229f06378b0ad94ac6837cd25e9792c4457b5c745a30,11e9849a26330696a16a75bf0d3bf1b5c419b0a4d2b94b0c5d7afe2e557e0c48,37f4c6543ab4df3244b1e4d5a7a47d35df8da40fa4fd78c9defb1cc969ab98a7,23,True,"{""cert_chain_shape"":""complete-chain"",""cert_sig_algo"":""ECDSA"",""cert_validity"":""valid"",""cipher_strength"":""HIGH"",""protocol"":""IMAP"",""starttls_integrity"":""N/A"",""tls_presence"":""implicit-TLS"",""tls_version"":""1.3""}"
PCAP-003,synthetic,POP3,97b82c085bf93903,UNOBSERVED,HIGH,INCONCLUSIVE,testbed/captures/PCAP-003.pcap,fecc49536b58e96616b3111acd21f1a33bec2da417814194bbdad85272ea00c3,a60091b40cae2c550030558179092a3e918a2c7652266e7d17dbe386afb3e5da,b84e55408acb68a23d0888512d7dce50830678c85bc939271bf5ae8a20c66348,3491dd594c747b6522f742cec4de9896b5920a1d6ceea5698b640b6ff57eeca9,27,True,"{""cert_chain_shape"":""complete-chain"",""cert_sig_algo"":""ECDSA"",""cert_validity"":""valid"",""cipher_strength"":""HIGH"",""protocol"":""POP3"",""starttls_integrity"":""N/A"",""tls_presence"":""implicit-TLS"",""tls_version"":""1.3""}"
PCAP-004,synthetic,SMTP,b04f8a9c6e095610,UNOBSERVED,N/A,PASS,testbed/captures/PCAP-004.pcap,24e681360b913d62d71b9fb1060d654d9b43060f53821594c7eb9428cf512d15,65e944439af9ec05df158d7c8c9c9a8489a8c590499caa4ef2b356cfd6923307,4dda4a49a00b1ac3b7a92bd21bc3be7e75d68dcae3d280c925941caea87e24c0,3d685b626249617f4a751de565eb5a82261a55582a4284d1151f7a146fd4af73,13,True,"{""cert_chain_shape"":""N/A"",""cert_sig_algo"":""N/A"",""cert_validity"":""N/A"",""cipher_strength"":""N/A"",""protocol"":""SMTP"",""starttls_integrity"":""N/A"",""tls_presence"":""none"",""tls_version"":""N/A""}"
PCAP-005,synthetic,SMTP,6c197c358941c6f7,UNOBSERVED,HIGH,INCONCLUSIVE,testbed/captures/PCAP-005.pcap,4ce4244a347b2e94ced479619a600b67c69d8323a7a73a8ba0b9864d0e812c6f,dad8fdabeb0382a0765eaf82af8c86f6e361467fd86e80308e970ac13af83c27,b99330a76b1042737be890f029de336bbece8a473879bf3c904fcfc0c1fbafab,f15e60037d0b7dd93d67a5ddb8ac37589cdfa222cb3227c5ca2736b87f36f63f,28,True,"{""cert_chain_shape"":""complete-chain"",""cert_sig_algo"":""ECDSA"",""cert_validity"":""valid"",""cipher_strength"":""HIGH"",""protocol"":""SMTP"",""starttls_integrity"":""normal"",""tls_presence"":""STARTTLS-upgraded"",""tls_version"":""1.3""}"
PCAP-008,synthetic,SMTP,68d6821174879f58,c70dd3b269a7be6c,HIGH,PASS,testbed/captures/PCAP-008.pcap,a593d30e97110c4d9a086c261e55520f79307ee1e97bfa6b5e9bcaa56346f4ea,fff29502e4c1a5d2b2305b3248d5a9c9952c66fe37fca15d26e512fa6fab73de,905eb8897c981403891660863c10cdf126750c36d45988fe9c0f5ce7b3b8f93c,548b4321cd734539702489d5828c75602dcaf8d6e783d506dcb2fc2a186aadc3,24,True,"{""cert_chain_shape"":""complete-chain"",""cert_sig_algo"":""ECDSA"",""cert_validity"":""valid"",""cipher_strength"":""HIGH"",""protocol"":""SMTP"",""starttls_integrity"":""N/A"",""tls_presence"":""implicit-TLS"",""tls_version"":""1.2""}"
PCAP-010,synthetic,SMTP,85bf75ee502d1d60,UNOBSERVED,HIGH,INCONCLUSIVE,testbed/captures/PCAP-010.pcap,b73b19e5dd12637733ed08d1b2944b04568db94cd5160db91edadd2d7cca1d0f,c983b676ed44062f3cc9105b735b215dd0ab75e66ce2b189d99d4fc68ed7f679,775a874501d84a6c728e4a01438818da5b8fa1fecca35142d7c7c931b8bdd832,529a42b340308b41a264859c126b8e2ad1c3907dd9c250001c3016d38c6d4cbf,24,True,"{""cert_chain_shape"":""complete-chain"",""cert_sig_algo"":""ECDSA"",""cert_validity"":""expired"",""cipher_strength"":""HIGH"",""protocol"":""SMTP"",""starttls_integrity"":""N/A"",""tls_presence"":""implicit-TLS"",""tls_version"":""1.3""}"
PCAP-011,synthetic,SMTP,7b8ac33079cca813,UNOBSERVED,HIGH,INCONCLUSIVE,testbed/captures/PCAP-011.pcap,db16ed7e071617f28539f8704433c30025fec8e17f25e0ddb04899a85392909b,6920ecfc76293c6835623fb0b75c24e8b151abef9f31e68c3ca2249f5f6c1ff8,40566adeb201f95f42057883ae3fc7f573e10b01f05859491283c73a37686e4d,4145857c260572f2970fa8718edb67837c97f32e770a5994b91f013950c1e99d,24,True,"{""cert_chain_shape"":""complete-chain"",""cert_sig_algo"":""ECDSA"",""cert_validity"":""not-yet-valid"",""cipher_strength"":""HIGH"",""protocol"":""SMTP"",""starttls_integrity"":""N/A"",""tls_presence"":""implicit-TLS"",""tls_version"":""1.3""}"
PCAP-012,synthetic,SMTP,c80ee8a4f92054d6,UNOBSERVED,HIGH,INCONCLUSIVE,testbed/captures/PCAP-012.pcap,7ebbfd4702ebe2814da980c6e5aaa3170c519e7a311c2813f6a251178c0472c8,9ea755fcc6bddb4b2aac624947f80da8951edcac8516bb318749c007f0ee4955,4a67f20a07a66f34067e3a9a2fb101700210a3cae42f1303f09925534486f88b,28559918ebc10fb1b0c400f496c62527b6a1a865bbff2543e4f0f7bb3d84bc4b,24,True,"{""cert_chain_shape"":""self-signed-trusted"",""cert_sig_algo"":""ECDSA"",""cert_validity"":""valid"",""cipher_strength"":""HIGH"",""protocol"":""SMTP"",""starttls_integrity"":""N/A"",""tls_presence"":""implicit-TLS"",""tls_version"":""1.3""}"
PCAP-013,synthetic,SMTP,8952895ecff3a0e1,UNOBSERVED,HIGH,INCONCLUSIVE,testbed/captures/PCAP-013.pcap,bff05a4ba5ae3fd0d72076df3f6c826e4a9bd6f98f07e98d9abeab431234346b,e0307200f5ab7324e873e6b5c33333dae40c15c5febe01ccd0d993892a0bfd2e,8af9cec80b8181ab9504de996b6684bf39a1df16423ade5eac54c933162e1c2d,cdb85ffbb36532f2a374a4e02f5854e995b2a557625f9ce8beffd661bd96b86f,24,True,"{""cert_chain_shape"":""self-signed-untrusted"",""cert_sig_algo"":""ECDSA"",""cert_validity"":""valid"",""cipher_strength"":""HIGH"",""protocol"":""SMTP"",""starttls_integrity"":""N/A"",""tls_presence"":""implicit-TLS"",""tls_version"":""1.3""}"
PCAP-014,synthetic,SMTP,607f79c48dc86238,UNOBSERVED,HIGH,INCONCLUSIVE,testbed/captures/PCAP-014.pcap,ff3afc0427beef7ede340ed5b891303a4baf4a671867d0a7eaa38219e484de71,36b57e13959db0c273259a6b5f35150cecb72e6438b4eafae26681302dd919b4,9b724ed6785e6558b4637a211553396aa8238633a0892bbfb20b6be3c7c7117f,f349ce107279dec106880627e8859d8d8fc3fe6c2ae87a7305922ca4f5a3a5d0,24,True,"{""cert_chain_shape"":""complete-chain-untrusted-root"",""cert_sig_algo"":""ECDSA"",""cert_validity"":""valid"",""cipher_strength"":""HIGH"",""protocol"":""SMTP"",""starttls_integrity"":""N/A"",""tls_presence"":""implicit-TLS"",""tls_version"":""1.3""}"
PCAP-015,synthetic,SMTP,5deca20f9fd4d771,UNOBSERVED,HIGH,INCONCLUSIVE,testbed/captures/PCAP-015.pcap,aba0af97131ab57ed697f1d4fcfaefe2ad70193209e5cf65f4274b9ef2d1a7e2,6c50e29f53123fcb7673d34300b1084bf4fcd91e3302e9e2fcaa6bd5dc517825,d5c2e6839ddb59a56a6c03c6c840b38e5f222f4723136d2c63898339a72a4bd9,385c80a66873c65135cdfa0fcb78fe3ff4f1f5210f6653e122fc4dc31f23028c,24,True,"{""cert_chain_shape"":""intermediate-not-ca"",""cert_sig_algo"":""ECDSA"",""cert_validity"":""valid"",""cipher_strength"":""HIGH"",""protocol"":""SMTP"",""starttls_integrity"":""N/A"",""tls_presence"":""implicit-TLS"",""tls_version"":""1.3""}"
PCAP-016,synthetic,SMTP,7499228e091613c1,UNOBSERVED,HIGH,INCONCLUSIVE,testbed/captures/PCAP-016.pcap,ee36bce383d3e5ec89e884d2afdf9e259d4bf1dfe20da4afa20d7f6c0304a800,e8b6ae6a9adb929d4231be1cee266f9fe20d739e210dfd69b5dc67a5464da938,526a8225d8484f2d9e5a2d6e1f3a0ffa397588794623bc871bc210a658225b0b,96f53a8e4151c44d44b50ad11ab8505d122510ca7afae917aff6d0cc1765a4c5,24,True,"{""cert_chain_shape"":""chain-tampered-intermediate-sig"",""cert_sig_algo"":""ECDSA"",""cert_validity"":""valid"",""cipher_strength"":""HIGH"",""protocol"":""SMTP"",""starttls_integrity"":""N/A"",""tls_presence"":""implicit-TLS"",""tls_version"":""1.3""}"
PCAP-017,synthetic,SMTP,a90644d109c79287,UNOBSERVED,HIGH,INCONCLUSIVE,testbed/captures/PCAP-017.pcap,2367122996daa87f0382b5e18cffd65746d5183b18687467ab74e21aea959cdd,2a371677ef01fef85d0a5cd15474a75a1d8f30eb6ffea84c275272a02778c628,891a2ebe28a1b9de16c639e775813513ba3260fba3a03d6e4afa08e7f0e533ed,466969d63c5fd57867c943917263cd8920eeb0f08402f19bf0263a20eb408d8d,24,True,"{""cert_chain_shape"":""leaf-only"",""cert_sig_algo"":""ECDSA"",""cert_validity"":""valid"",""cipher_strength"":""HIGH"",""protocol"":""SMTP"",""starttls_integrity"":""N/A"",""tls_presence"":""implicit-TLS"",""tls_version"":""1.3""}"
PCAP-018,synthetic,SMTP,cf4997ff4e6594dd,UNOBSERVED,HIGH,INCONCLUSIVE,testbed/captures/PCAP-018.pcap,109b32d6bddf78a094aace2aca7c1ffcae48e24d9e718d8879593887182195f8,128f8c8331778eab03d7675f8e3663bb0679344d20dbd57f48fc7038c552b5c6,daa06394caf067eb2ccdbcc1aa6224dc0f6b38fed1d52714d1b0ff961be2c604,1232a0a6aee690ed3cbb2ad8d81d9a6fccd0320ade7d39d601044c3f8d27cbe0,24,True,"{""cert_chain_shape"":""complete-chain"",""cert_sig_algo"":""RSA-PKCS1v15"",""cert_validity"":""valid"",""cipher_strength"":""HIGH"",""protocol"":""SMTP"",""starttls_integrity"":""N/A"",""tls_presence"":""implicit-TLS"",""tls_version"":""1.3""}"
PCAP-019,synthetic,SMTP,2758116709db257f,UNOBSERVED,HIGH,INCONCLUSIVE,testbed/captures/PCAP-019.pcap,1f19df1570a9f1cc94416556b4ee06198de96f88337254ca5572690b71ab92ce,45a205dddb2e79f8a2fccfc338bbff09e8e98104e5e7ce7a377af720c9efd8c2,3dc9f2ef5cc667f5e802551240832a80bc5f700708106096b180813bdc9e9f63,ae7cc8da01e2e3a457670a9268af3551ee0707c2b6b1436e309f30725cdb538e,24,True,"{""cert_chain_shape"":""complete-chain"",""cert_sig_algo"":""RSA-PSS"",""cert_validity"":""valid"",""cipher_strength"":""HIGH"",""protocol"":""SMTP"",""starttls_integrity"":""N/A"",""tls_presence"":""implicit-TLS"",""tls_version"":""1.3""}"
PCAP-020,synthetic,SMTP,f9aea16f584d2ffe,UNOBSERVED,HIGH,INCONCLUSIVE,testbed/captures/PCAP-020.pcap,552eb06bef4f863a4a6cb158de1d3a3ca94c91e4c3f20becc7e43e0b5094aaf8,330afee6974f1e9ced7477cfdb8955fac3d7be1b1135f51d5511973cf966d036,b3c9bce319b07c57007b5a18805561c01829fa1a58c15e354cec9471e59e7f0e,43e7dc68bee74bc52e664704ac876b1cee2f6d94fa397040b51f2a6a29797c1e,24,True,"{""cert_chain_shape"":""complete-chain"",""cert_sig_algo"":""Ed25519"",""cert_validity"":""valid"",""cipher_strength"":""HIGH"",""protocol"":""SMTP"",""starttls_integrity"":""N/A"",""tls_presence"":""implicit-TLS"",""tls_version"":""1.3""}"
PCAP-021,synthetic,SMTP,193def272aa2dbe6,UNOBSERVED,HIGH,INCONCLUSIVE,testbed/captures/PCAP-021.pcap,0a04bac7ba7a43b06c7c9cb2fbe21990be72890cdf2677cff25280574a9a4a9d,93ccd9ed94ab2e5d8dc7bbd3116cae6ac924e6923c061c7776c110dc87ac2b02,37fb5829c7d1bd362de16b7af9d8b3c4a786aa3a090a7889018d1d189df842bd,f98a46097457ad994aaf5bb2371d40c0afb3a7577b3a14fc3e4b4050cc7044c7,24,True,"{""cert_chain_shape"":""complete-chain"",""cert_sig_algo"":""ECDSA"",""cert_validity"":""valid"",""cipher_strength"":""HIGH"",""protocol"":""SMTP"",""starttls_integrity"":""N/A"",""tls_presence"":""implicit-TLS"",""tls_version"":""1.3""}"
PCAP-022,synthetic,SMTP,193def272aa2dbe6,UNOBSERVED,HIGH,INCONCLUSIVE,testbed/captures/PCAP-022.pcap,97f1543360c92fc4dbddd6be6b11fd753b5788ae105dc66ccf2c4a3d1fefa4d4,136dc935476c1ea699abb558bd68eb24f689c191fcdf458fb4ee774918ea4013,1ba6341ddf2c3b0da94b3afee3e96b53b82a9cf9b2d92e11a3e56061ec5e4877,ba41bdbf7ffde78b4651aa45fc4ae4da65ffd4f8728f88a76923a074e3fa2bb5,18,True,"{""cert_chain_shape"":""complete-chain"",""cert_sig_algo"":""ECDSA"",""cert_validity"":""valid"",""cipher_strength"":""HIGH"",""protocol"":""SMTP"",""starttls_integrity"":""N/A"",""tls_presence"":""implicit-TLS"",""tls_version"":""1.3""}"
PCAP-023,synthetic,IMAP,4713f5e84ff54970,UNOBSERVED,N/A,PASS,testbed/captures/PCAP-023.pcap,f668048108043d02b14fbb02399bb52b669d20c707d320e06c8ec06bedf42415,8df57ce5ddca49727120b8a262922d47efabf2e82a5ffc615fdd33f782f83e31,c84ba38af4487b70f1c707e79e428c30ae6686e065bd4046e1530875c47405d9,f194bf34b4ffe57715400b51c96d485edc4286a80b03560fb7a7701c55796102,14,True,"{""cert_chain_shape"":""N/A"",""cert_sig_algo"":""N/A"",""cert_validity"":""N/A"",""cipher_strength"":""N/A"",""protocol"":""IMAP"",""starttls_integrity"":""N/A"",""tls_presence"":""none"",""tls_version"":""N/A""}"
PCAP-024,synthetic,IMAP,8d75c107a4475125,UNOBSERVED,HIGH,INCONCLUSIVE,testbed/captures/PCAP-024.pcap,f4e207146bad2b32f1d4e5ba16bad3fa1b01fec945c4ad60da9775836e949067,7c2f2ce436aeb88089730bc4129f01d1be0d475a213ccb40549318970ee51802,c3e5cec2d13a4067aa16ecdcd8b69464e464b4dec1e850de035ef19c3decbd69,7ee4a8f8fd1b88b1ffb026210381f92c4df6eb97297f1ea32be8dd7fe9a6285b,33,True,"{""cert_chain_shape"":""complete-chain"",""cert_sig_algo"":""ECDSA"",""cert_validity"":""valid"",""cipher_strength"":""HIGH"",""protocol"":""IMAP"",""starttls_integrity"":""normal"",""tls_presence"":""STARTTLS-upgraded"",""tls_version"":""1.3""}"
PCAP-027,synthetic,IMAP,32cfc6336cf8cb96,c70dd3b269a7be6c,HIGH,PASS,testbed/captures/PCAP-027.pcap,9f8fb523300b2fedd09977b84bca4a4d6aa67c8d75254f7d4946e8fdf73919b6,827a344bf3af88ba34afddaa607d6ff578039553120e6fbd81d26bfd9b75b9ae,94acbdd4c88f9c88e8fba12e0171f7d4cf7ca6f46b6a766ece908f8cf80c5690,029c31b48118756b9b85ba4d0fc6064d7fb376402cc533ff5dd4ca98ca1cc532,21,True,"{""cert_chain_shape"":""complete-chain"",""cert_sig_algo"":""ECDSA"",""cert_validity"":""valid"",""cipher_strength"":""HIGH"",""protocol"":""IMAP"",""starttls_integrity"":""N/A"",""tls_presence"":""implicit-TLS"",""tls_version"":""1.2""}"
PCAP-029,synthetic,IMAP,f5a87dc1aa81b600,UNOBSERVED,HIGH,INCONCLUSIVE,testbed/captures/PCAP-029.pcap,901eb424b456e326c8de309cf11cb1e87e584dce8be76d1c903b856007399809,6fc6e5be82b866578dda12c598571cde617125cec62c488dd64cf517bf35da83,77514524a7a3c34e4171c8b14f41f3aeeeac18bf8b319f0027aae4364043c877,4c6c2349947b0a3e761086f25ad7fcb2d3a9664cc8b507fc1faa03d7224cdaaa,23,True,"{""cert_chain_shape"":""complete-chain"",""cert_sig_algo"":""ECDSA"",""cert_validity"":""expired"",""cipher_strength"":""HIGH"",""protocol"":""IMAP"",""starttls_integrity"":""N/A"",""tls_presence"":""implicit-TLS"",""tls_version"":""1.3""}"
PCAP-030,synthetic,IMAP,bbe3a87ef2830f2d,UNOBSERVED,HIGH,INCONCLUSIVE,testbed/captures/PCAP-030.pcap,0a6e8a2d903f007c86b59dcf8c7151ee187b149ddab05b7fbe98506ee0bbf917,18842b36923790417f80237e614ee0914d882be6dfa2d29981328b6bf6f3b68d,0c651595ad6c77096db85006e20645a0f682259727f0f868f4dc58cadf71a26b,543c630b158756a7937a2df636ca7ef3d4f28b94cdc85d6c30f84ec268ff8e38,23,True,"{""cert_chain_shape"":""complete-chain"",""cert_sig_algo"":""ECDSA"",""cert_validity"":""not-yet-valid"",""cipher_strength"":""HIGH"",""protocol"":""IMAP"",""starttls_integrity"":""N/A"",""tls_presence"":""implicit-TLS"",""tls_version"":""1.3""}"
PCAP-031,synthetic,IMAP,fa18645ea3e41d59,UNOBSERVED,HIGH,INCONCLUSIVE,testbed/captures/PCAP-031.pcap,b8f37b286afe4ce1335fbbef25391c4c0a147b03598359253fdd641d3f61d71b,f533be1082e4353c1e30962b9795ae81ffa7156b627d571e6eaeaed6ba0840f7,b9e5b8b3a40883fd3993fbea696fd06034367bbd72e8b79feb9a662c592474df,75776ee2d743676e794a228065b825106144fc5f4c7048cb55e64e35bb211e36,21,True,"{""cert_chain_shape"":""self-signed-trusted"",""cert_sig_algo"":""ECDSA"",""cert_validity"":""valid"",""cipher_strength"":""HIGH"",""protocol"":""IMAP"",""starttls_integrity"":""N/A"",""tls_presence"":""implicit-TLS"",""tls_version"":""1.3""}"
PCAP-032,synthetic,IMAP,fa4ce00a158dcc6a,UNOBSERVED,HIGH,INCONCLUSIVE,testbed/captures/PCAP-032.pcap,17f9a604197a0eb0a4354b447edf85a892b44f7914d40cfafb51ce8cc6a687f2,37793227611667ab4d3777bc5a04bb691538935fccb660f2a44497e61f9f772f,127dc99732ca11c104784926a1f97104342d28edd5b4b468195889c2ed514d9a,ab760391edc71d9dfc95ab3a79a386d24bb3de46b7aef08c7a1dee87d555c70a,21,True,"{""cert_chain_shape"":""self-signed-untrusted"",""cert_sig_algo"":""ECDSA"",""cert_validity"":""valid"",""cipher_strength"":""HIGH"",""protocol"":""IMAP"",""starttls_integrity"":""N/A"",""tls_presence"":""implicit-TLS"",""tls_version"":""1.3""}"
PCAP-033,synthetic,IMAP,c924f569b959c68b,UNOBSERVED,HIGH,INCONCLUSIVE,testbed/captures/PCAP-033.pcap,f1fbcee1da295c39e1bb6fca96c2fe73bc19ef3ffb9751439fef9e1749b6c059,97e8f1bc484a102daffe5f3065e33d3a27c2160af045abfb0f4ec288b00255ee,d90a7e1e6b9fd7eb5606aec45f43613452b2cb40fdf673c7bc716589d2f84233,c4ee668a4d698977ba328df24ba0c3ff823e0d88c6dd0d57833a6fd55bbd47b2,23,True,"{""cert_chain_shape"":""complete-chain-untrusted-root"",""cert_sig_algo"":""ECDSA"",""cert_validity"":""valid"",""cipher_strength"":""HIGH"",""protocol"":""IMAP"",""starttls_integrity"":""N/A"",""tls_presence"":""implicit-TLS"",""tls_version"":""1.3""}"
PCAP-034,synthetic,IMAP,45ab2ac1a2fe1c81,UNOBSERVED,HIGH,INCONCLUSIVE,testbed/captures/PCAP-034.pcap,a83c55058aa3100b2b86d57e8b77db5c3fc55ab5c72b0974754417584215fd97,abdcd6e40581ed76006af625c5c37fcae6fbbef50ff6c70651119983b419b8ee,f522938b3e3e408cf5ed3dde40896b0620a1398b2ca51566698596cc7acc3f17,d6840dacec953b4e1b1537e1cd226872b7b94f5c6c15ea3985ec3ecd4be3ea48,23,True,"{""cert_chain_shape"":""intermediate-not-ca"",""cert_sig_algo"":""ECDSA"",""cert_validity"":""valid"",""cipher_strength"":""HIGH"",""protocol"":""IMAP"",""starttls_integrity"":""N/A"",""tls_presence"":""implicit-TLS"",""tls_version"":""1.3""}"
PCAP-035,synthetic,IMAP,920c818979e5337a,UNOBSERVED,HIGH,INCONCLUSIVE,testbed/captures/PCAP-035.pcap,7c7d1d8721b8a6be53fd8c928640befb6770931ca87cdc7a7fc03b6d9de795b5,a749e242904e0723200f6b572da7400cc75f0495ebbcf1168665444cea849926,10c8e9f934138e4b2d52458c577f0bad6094c80cfe39cfb7a3feaa6c8b08044b,a56b0fc93e81e4da8770203f35d8cc743c9b0a2f55e6e6fbe866a30a36afe6a6,23,True,"{""cert_chain_shape"":""chain-tampered-intermediate-sig"",""cert_sig_algo"":""ECDSA"",""cert_validity"":""valid"",""cipher_strength"":""HIGH"",""protocol"":""IMAP"",""starttls_integrity"":""N/A"",""tls_presence"":""implicit-TLS"",""tls_version"":""1.3""}"
PCAP-036,synthetic,IMAP,b93b7b779a190a7b,UNOBSERVED,HIGH,INCONCLUSIVE,testbed/captures/PCAP-036.pcap,1b53e17dc1adc5e94b0ddb7cde7bf9f5e8981407143f8cb8340b740f6b446c5c,d91f98c14658023652930c12659cc0b43b8bb708096640463ea13769011246d7,03f450189415d41e7e6c35513913d3cccea38719ee531c88cc1db92d2ebaf33d,c0eeea3d132e7d00bf3088b11607d8ca4509801ff5cdc62d4ae969422697c3b5,21,True,"{""cert_chain_shape"":""leaf-only"",""cert_sig_algo"":""ECDSA"",""cert_validity"":""valid"",""cipher_strength"":""HIGH"",""protocol"":""IMAP"",""starttls_integrity"":""N/A"",""tls_presence"":""implicit-TLS"",""tls_version"":""1.3""}"
PCAP-037,synthetic,IMAP,dad9ba677925a8d4,UNOBSERVED,HIGH,INCONCLUSIVE,testbed/captures/PCAP-037.pcap,6b7e31e1958a2a01f4f8a8e4eee3dc6139419f49ffc450d9959eba1a98c5204c,a2bde05d5deb5c5a9de415fb46c055d9c6e57eecd51d925120bf91491e51ede1,1b27ea9a73fa580c93e685fb463db543480db09850d119ab242184014b434b81,6651563ac690b3f62b270aad8dd12d75784bdf517127051d3d785c3e9508cc57,23,True,"{""cert_chain_shape"":""complete-chain"",""cert_sig_algo"":""RSA-PKCS1v15"",""cert_validity"":""valid"",""cipher_strength"":""HIGH"",""protocol"":""IMAP"",""starttls_integrity"":""N/A"",""tls_presence"":""implicit-TLS"",""tls_version"":""1.3""}"
PCAP-038,synthetic,IMAP,4a4fe93bbd1a51a8,UNOBSERVED,HIGH,INCONCLUSIVE,testbed/captures/PCAP-038.pcap,6bcaed2ec33c6047922e1df6dc3efd02b4ab1f84c3adcb277de1bd2d7826591e,97003cbef7708b1b94f02e5856bddebbbc5edc340391c872a8e8590782ef9154,42884acf5d6413f58999cea64dccdd5d5633143e3cc8b735e43cc1f4a90b8531,117e6acdda58cb50d20c8481cd6543dc8c404dad04384e54e3b590e0af642318,23,True,"{""cert_chain_shape"":""complete-chain"",""cert_sig_algo"":""RSA-PSS"",""cert_validity"":""valid"",""cipher_strength"":""HIGH"",""protocol"":""IMAP"",""starttls_integrity"":""N/A"",""tls_presence"":""implicit-TLS"",""tls_version"":""1.3""}"
PCAP-039,synthetic,IMAP,e27d04e701c33852,UNOBSERVED,HIGH,INCONCLUSIVE,testbed/captures/PCAP-039.pcap,0915eabcdd622d0498b5d9424809071103e349a0e59f37645bc229599335433c,940661de6c88d5c629681b9ed06b76b5f5095e68e40ca946744454d32c83e97d,8d2aaa11682e2d1ba130a51d55b55d780a5d299b171f7f10f881a739621c83f2,ac12c915c23bc0f744a4a4e93512338a79809ff14a4fab678421427ef5d60e54,23,True,"{""cert_chain_shape"":""complete-chain"",""cert_sig_algo"":""Ed25519"",""cert_validity"":""valid"",""cipher_strength"":""HIGH"",""protocol"":""IMAP"",""starttls_integrity"":""N/A"",""tls_presence"":""implicit-TLS"",""tls_version"":""1.3""}"
PCAP-040,synthetic,IMAP,fdce6809c70f49bc,UNOBSERVED,HIGH,INCONCLUSIVE,testbed/captures/PCAP-040.pcap,ef53eb281f0efc78c123c8d108f662442d8969f730bfc06318d3b7bb2116f403,e3c138a62acd6a611c9fa1f2ecb1990178d24747bf227b6ba17ab978976c9bf3,c42143acd125d522d83eec52a2efb462490399d35e982e12ffde27fb876ebfb0,ecbc3d9085deb85a796744e2657084c5411bd98d767584962454b58106573d72,23,True,"{""cert_chain_shape"":""complete-chain"",""cert_sig_algo"":""ECDSA"",""cert_validity"":""valid"",""cipher_strength"":""HIGH"",""protocol"":""IMAP"",""starttls_integrity"":""N/A"",""tls_presence"":""implicit-TLS"",""tls_version"":""1.3""}"
PCAP-041,synthetic,IMAP,fdce6809c70f49bc,UNOBSERVED,HIGH,INCONCLUSIVE,testbed/captures/PCAP-041.pcap,9ca736c34b0f0fddeab0b19d7bb00bff9d730461cb7cd842bf9ce5694fb15d86,4a09b5af9dfa45f4467639882173ce0c635417938bd3d2a2c2fe68d121724434,a29160c2580f5018f03e6f6709691622c8f057f9502682ae7bc0f5c4ee940243,11f302414999013e742a3bd7f005ba8a5347fb155b2fbcc4624033327e92e2ed,22,True,"{""cert_chain_shape"":""complete-chain"",""cert_sig_algo"":""ECDSA"",""cert_validity"":""valid"",""cipher_strength"":""HIGH"",""protocol"":""IMAP"",""starttls_integrity"":""N/A"",""tls_presence"":""implicit-TLS"",""tls_version"":""1.3""}"
PCAP-042,synthetic,POP3,91e7b90eb285ad06,UNOBSERVED,N/A,PASS,testbed/captures/PCAP-042.pcap,ccdda087c6f41ea97c236958a430551a2cc1958f9f28ce395daca29bcac7effd,bd96baf9901158a0dc615201b7614f167d2e292b85a827d3b3642c787651afaa,71b6a577f2665f5edda9ffbfd24d03a8a2ea563559aa83ea5e1d3dd03ea336ba,de84dcd9c47bc3c50e05816830027e0e801158b7be06f556d3be8acc070002c2,14,True,"{""cert_chain_shape"":""N/A"",""cert_sig_algo"":""N/A"",""cert_validity"":""N/A"",""cipher_strength"":""N/A"",""protocol"":""POP3"",""starttls_integrity"":""N/A"",""tls_presence"":""none"",""tls_version"":""N/A""}"
PCAP-043,synthetic,POP3,d76073090bfee8fd,UNOBSERVED,HIGH,INCONCLUSIVE,testbed/captures/PCAP-043.pcap,c7552b8fb516788033d6fc48774fda20e1500f7c18d134ca963026cc98772cf4,4797910574431115d31609ec491ec1934cf9f858e49a01743bf880cb9a590f3d,61af3a6409d25232c1775fdc0ffc0a4cfb15517ea434c02bbe2f860345cbaa26,01d8a276266af2162b76f0d6fae672d72f94987c441f2ffd96d0932cb795c468,36,True,"{""cert_chain_shape"":""complete-chain"",""cert_sig_algo"":""ECDSA"",""cert_validity"":""valid"",""cipher_strength"":""HIGH"",""protocol"":""POP3"",""starttls_integrity"":""normal"",""tls_presence"":""STARTTLS-upgraded"",""tls_version"":""1.3""}"
PCAP-046,synthetic,POP3,7df5a34fbc342749,c70dd3b269a7be6c,HIGH,PASS,testbed/captures/PCAP-046.pcap,bdcdd2b70981971c71195e16cb74f41563bd79deee8e466d3d16ecd388b9f5e2,76a8ca7a2668936de893bf8d9f8b5d3e65f7b8ab0947167696143f68580ed3fa,f8c7dd2c81ac1d7221ff310e79c189223d755c5fa4c354b4fc1026e98cea10d9,6d2d69ae22e1bafe5b5823f9d01ef5bd74bbf3af464ae7027e09cc6b351a8337,24,True,"{""cert_chain_shape"":""complete-chain"",""cert_sig_algo"":""ECDSA"",""cert_validity"":""valid"",""cipher_strength"":""HIGH"",""protocol"":""POP3"",""starttls_integrity"":""N/A"",""tls_presence"":""implicit-TLS"",""tls_version"":""1.2""}"
PCAP-048,synthetic,POP3,64489992cb259a30,UNOBSERVED,HIGH,INCONCLUSIVE,testbed/captures/PCAP-048.pcap,9b92948b7c42362b659b5b4976ee491427726ea7e310a5a6486bf7c42311ab5e,acfd91ea60ccabe11bceab9dddc67762acfb8b9ba4a959f31a62c9189d47e015,3dc4ba79f21fdf663009e80c157b0f486efe1b4388df8058b3268d48a44b836d,2dd8385386f9cb383fd5d40188209f0925effd0bf8de767f408c0eea22ba9835,27,True,"{""cert_chain_shape"":""complete-chain"",""cert_sig_algo"":""ECDSA"",""cert_validity"":""expired"",""cipher_strength"":""HIGH"",""protocol"":""POP3"",""starttls_integrity"":""N/A"",""tls_presence"":""implicit-TLS"",""tls_version"":""1.3""}"
PCAP-049,synthetic,POP3,0e974f8af50810b6,UNOBSERVED,HIGH,INCONCLUSIVE,testbed/captures/PCAP-049.pcap,7744940eb1a4f5122fca26d04fcc7b6c9ebe82557c132b24bc650434b18e87aa,95e48614db17aeea68ecd29302ba91ce90133c9e4030bf72338f5840a2d2734c,70f51a7e86e18ea68350a4661a9c6e05373201f526f170fd16f621e7c1537216,192a70ff1d71256869f805ae27e4651d522a7f59a654b924c51439013e5caa14,26,True,"{""cert_chain_shape"":""complete-chain"",""cert_sig_algo"":""ECDSA"",""cert_validity"":""not-yet-valid"",""cipher_strength"":""HIGH"",""protocol"":""POP3"",""starttls_integrity"":""N/A"",""tls_presence"":""implicit-TLS"",""tls_version"":""1.3""}"
PCAP-050,synthetic,POP3,4b3a0c0bce07af3c,UNOBSERVED,HIGH,INCONCLUSIVE,testbed/captures/PCAP-050.pcap,1dfab91492eaf2370d0a11439f527e9cfd75cd0c521fa9feef36a87f23f6c313,b67e489994670df3777dd966565ae96e4cd5c49cf41f3ff6ee505b3c3627ef22,27b9c2cfed5794b61d2d5a193568b775c11b082c4ed3aca38ef6087b8f2532b0,4d274729ddcbb3dfa16885662ef66bd9e60fbfa250fa07f006f34928f86807fa,23,True,"{""cert_chain_shape"":""self-signed-trusted"",""cert_sig_algo"":""ECDSA"",""cert_validity"":""valid"",""cipher_strength"":""HIGH"",""protocol"":""POP3"",""starttls_integrity"":""N/A"",""tls_presence"":""implicit-TLS"",""tls_version"":""1.3""}"
PCAP-051,synthetic,POP3,475c7bb917962999,UNOBSERVED,HIGH,INCONCLUSIVE,testbed/captures/PCAP-051.pcap,b973a3f877dcbb7180adac975e805669a3f0f091ed9f5ee2a67ecfaf4f7389cd,26785914e47ce3be7d151a96775b84bcb7a32121425cca53c2a50d877a00d93a,b28d38e30389861185477507c3325092bbce95d0463e4cdd102de59a9e429fe3,d7d594e74b85da6a549e4a7ed0170afcae5f98553de33897c711f516be834f0a,24,True,"{""cert_chain_shape"":""self-signed-untrusted"",""cert_sig_algo"":""ECDSA"",""cert_validity"":""valid"",""cipher_strength"":""HIGH"",""protocol"":""POP3"",""starttls_integrity"":""N/A"",""tls_presence"":""implicit-TLS"",""tls_version"":""1.3""}"
PCAP-052,synthetic,POP3,8bf9dd45cd73368e,UNOBSERVED,HIGH,INCONCLUSIVE,testbed/captures/PCAP-052.pcap,08cb12019d429673f185db7a103e564b4d83b33e4f5af650f622389292d7dbef,7794fa9a81b44827d84c8b1c3f4de0f67903de00a67f425c575123a42a44ae66,a1573646675449213dd0cf57ea6bf220c8d1b62421857000e5a7cded867930f2,5d13e64dd8d9674ddaa02a81251d6ad99bb6ed9f7618ec25e0d8badfadd25663,25,True,"{""cert_chain_shape"":""complete-chain-untrusted-root"",""cert_sig_algo"":""ECDSA"",""cert_validity"":""valid"",""cipher_strength"":""HIGH"",""protocol"":""POP3"",""starttls_integrity"":""N/A"",""tls_presence"":""implicit-TLS"",""tls_version"":""1.3""}"
PCAP-053,synthetic,POP3,a49cd8b734002353,UNOBSERVED,HIGH,INCONCLUSIVE,testbed/captures/PCAP-053.pcap,a9b11290206aad3830fd8d76e6629a8548602c3e2becbd2eba49e942ad90607f,18ea7fb2e1e0a9c44ebb43ff7557f5c09319a2ad506e83986675b70eb41e9e29,b2490d426d6b20349c2808844ebabd36e3fece9d84322b035293ca0fc7cfc287,794b228e80bcee10c943f5bfcecde6e0c1725a4ea4f15e1754e361338417ed33,26,True,"{""cert_chain_shape"":""intermediate-not-ca"",""cert_sig_algo"":""ECDSA"",""cert_validity"":""valid"",""cipher_strength"":""HIGH"",""protocol"":""POP3"",""starttls_integrity"":""N/A"",""tls_presence"":""implicit-TLS"",""tls_version"":""1.3""}"
PCAP-054,synthetic,POP3,b152b7489d251d65,UNOBSERVED,HIGH,INCONCLUSIVE,testbed/captures/PCAP-054.pcap,1964e67e0436051215e641f7596655583fda146751a2b0a733bf590024a38c37,2d170b8137dec41efac40988e7067af9fb31711c588dad8f18ed2c255e0e4454,339c4d86df73ba928f9a678c30f75f6157a264c4c77341b2d8be3e3549ec6a46,c962ea2b70cd4e9cdd237ba1c2d05bdcad5d2ed8bc791f1533e3a314afa8bf79,26,True,"{""cert_chain_shape"":""chain-tampered-intermediate-sig"",""cert_sig_algo"":""ECDSA"",""cert_validity"":""valid"",""cipher_strength"":""HIGH"",""protocol"":""POP3"",""starttls_integrity"":""N/A"",""tls_presence"":""implicit-TLS"",""tls_version"":""1.3""}"
PCAP-055,synthetic,POP3,88822c73d757dda1,UNOBSERVED,HIGH,INCONCLUSIVE,testbed/captures/PCAP-055.pcap,289634ea6409ebcb41e22968b2708d2b2590cb4574959a122b299cae0ae24551,1106d1bb24cff98de29649cecc2c7283ad046dc17feaef8f59a3afd53130d329,a863fc721bad34cff6b19a7d177956c9ef14089396b61cd896e1d7835f0c0c57,20fcbbf8501b4721d7e24ef90f7b378227ac70da75f566d2ad3c91b5d51c45cd,24,True,"{""cert_chain_shape"":""leaf-only"",""cert_sig_algo"":""ECDSA"",""cert_validity"":""valid"",""cipher_strength"":""HIGH"",""protocol"":""POP3"",""starttls_integrity"":""N/A"",""tls_presence"":""implicit-TLS"",""tls_version"":""1.3""}"
PCAP-056,synthetic,POP3,f7c221be7f47d3b5,UNOBSERVED,HIGH,INCONCLUSIVE,testbed/captures/PCAP-056.pcap,30c1489ad0b2d313b4a81a71e4e4a6aa5ffbf1dbf727f385e5dcb7e19df73674,6164d6762c9bdd619cd134346cf9e9c2deeb10ad2f6211282414cca8d4e15756,adb53b11718fd2125fb44613f589affb09738171a6c8aee6244ef7c253d948f7,8e02849dd8704425e4d147faafc38b3b03803421c0cd90dc345e05dbf6e6479a,27,True,"{""cert_chain_shape"":""complete-chain"",""cert_sig_algo"":""RSA-PKCS1v15"",""cert_validity"":""valid"",""cipher_strength"":""HIGH"",""protocol"":""POP3"",""starttls_integrity"":""N/A"",""tls_presence"":""implicit-TLS"",""tls_version"":""1.3""}"
PCAP-057,synthetic,POP3,b8e0499442000154,UNOBSERVED,HIGH,INCONCLUSIVE,testbed/captures/PCAP-057.pcap,f3204ef66d22d832413cfe433dab45de242965b3629b9156d66788d5b0498245,9d175b5c1cc6c65a9732ef61fe0312117e74c99a51fbede12a3ef90cafb63ecd,06b86f9ead89ba285685fcb701b69cb6c36dd1e131fd4ac24785a99ef13ec9d2,a27ab5867aff2ad93e9960f5d5e4c28b44a81a157606e368d99ccdbe30632192,26,True,"{""cert_chain_shape"":""complete-chain"",""cert_sig_algo"":""RSA-PSS"",""cert_validity"":""valid"",""cipher_strength"":""HIGH"",""protocol"":""POP3"",""starttls_integrity"":""N/A"",""tls_presence"":""implicit-TLS"",""tls_version"":""1.3""}"
PCAP-058,synthetic,POP3,c4c84ed24b2a1a09,UNOBSERVED,HIGH,INCONCLUSIVE,testbed/captures/PCAP-058.pcap,bbbe9367aed6c2df6e314866d9e2d29a3869a52cf789ccb280052c2bd209e9f1,977a6c1dc2d2bf790c28342d48e85ccad5a3e814027a8d3dd6b2d5335a23ecc3,a36edead603d76338887c76201eebfd089ebad54502efc0bc81d1f3ac1096de9,7b5aed6ad2b8a20eef3abe2e71b356a6c98880f1c2ec7f87a3dcfd697a287c50,26,True,"{""cert_chain_shape"":""complete-chain"",""cert_sig_algo"":""Ed25519"",""cert_validity"":""valid"",""cipher_strength"":""HIGH"",""protocol"":""POP3"",""starttls_integrity"":""N/A"",""tls_presence"":""implicit-TLS"",""tls_version"":""1.3""}"
PCAP-059,synthetic,POP3,97b82c085bf93903,UNOBSERVED,HIGH,INCONCLUSIVE,testbed/captures/PCAP-059.pcap,74f477e3b6a13c63d7a4ff4b4a438c15fea0c0116d85704366f1227544702591,fb9d579cfcbd5437a9e02e9f6d52377d52aea2405032ed4b0695dcd1f3cdfcea,b61fb6f11de14b7f872606a44a1a40f167c257e2de34b4a0b485fd638954ef87,c30bb33fb224102bc5b0847da339578caf3ee69738d30ed227040a74d3d30773,26,True,"{""cert_chain_shape"":""complete-chain"",""cert_sig_algo"":""ECDSA"",""cert_validity"":""valid"",""cipher_strength"":""HIGH"",""protocol"":""POP3"",""starttls_integrity"":""N/A"",""tls_presence"":""implicit-TLS"",""tls_version"":""1.3""}"
PCAP-060,synthetic,POP3,97b82c085bf93903,UNOBSERVED,HIGH,INCONCLUSIVE,testbed/captures/PCAP-060.pcap,982847edee03299e71bce5601fb0bffab907f038aaaba28a42b68b652176f534,e228c1b86c16f26abbc4382906ec71df90a2c1f039c8ddc73d0b4d1c53e7505b,e335a3f222e6a6b2fc46862bc8b367b06e75bad4f96073532e9c2689a4e0dc04,863895895b2c430bcebe786c4a5fbf42e8ac8d897e898a2257829f3386bf0035,20,True,"{""cert_chain_shape"":""complete-chain"",""cert_sig_algo"":""ECDSA"",""cert_validity"":""valid"",""cipher_strength"":""HIGH"",""protocol"":""POP3"",""starttls_integrity"":""N/A"",""tls_presence"":""implicit-TLS"",""tls_version"":""1.3""}"
PCAP-061,synthetic,SMTP,b04f8a9c6e095610,UNOBSERVED,N/A,PASS,testbed/captures/PCAP-061.pcap,a6c7fefb2ba22d4364e84c96c836999d8791c6b66c189b578cac64a671cd9c08,33cae0ea23acf46d03908cd6f32717487673565783fe7207c29d4179fb4f6884,f86b49201feb7992fb147f44e257a1f259ad65b29e1728dd46b914821ad11ef0,194aa7f4f1802c587c7ea7b9bc11e5a924893c2c6422ea3075be3757fff2fe43,15,True,"{""cert_chain_shape"":""N/A"",""cert_sig_algo"":""N/A"",""cert_validity"":""N/A"",""cipher_strength"":""N/A"",""protocol"":""SMTP"",""starttls_integrity"":""N/A"",""tls_presence"":""none"",""tls_version"":""N/A""}"
PCAP-062,synthetic,IMAP,4713f5e84ff54970,UNOBSERVED,N/A,PASS,testbed/captures/PCAP-062.pcap,120c28d1c63da3061ebfd31cffe595fd5233fd80e30d9fc220a89e84072403c3,8652046d873fa27be8d4a873574edabc5e4c28b45aeec394c3bc71c293e14343,2a9da9902aa1572e05e40e3e294410d31b6658db1bf2c8356057239247f1e4df,77e8e1d75d1d4fb36e5807440edeeb03d0897b03217a7a1d34537f64b32f0b2a,17,True,"{""cert_chain_shape"":""N/A"",""cert_sig_algo"":""N/A"",""cert_validity"":""N/A"",""cipher_strength"":""N/A"",""protocol"":""IMAP"",""starttls_integrity"":""N/A"",""tls_presence"":""none"",""tls_version"":""N/A""}"
PCAP-063,synthetic,POP3,91e7b90eb285ad06,UNOBSERVED,N/A,PASS,testbed/captures/PCAP-063.pcap,d26fd89bace53cf5f9f48aa98bbd156b365e4ff5320aec13db47814987d334ed,43c305dba11a76c4e7a989af53a60727b61f0923d03e17e61ecec5eaf50006cf,6997212aa2e5c5a1ffe62fa1a0d99493423d6495c3781e1d26ff0fd6486ed92b,e7510932c0d7e1539a4d555afcbc5454c3698913305e762ea9b618465d7bb613,18,True,"{""cert_chain_shape"":""N/A"",""cert_sig_algo"":""N/A"",""cert_validity"":""N/A"",""cipher_strength"":""N/A"",""protocol"":""POP3"",""starttls_integrity"":""N/A"",""tls_presence"":""none"",""tls_version"":""N/A""}"
PCAP-064,synthetic,SMTP,ad85f8bf3080994e,UNOBSERVED,N/A,PASS,testbed/captures/PCAP-064.pcap,eb2292a6ba2fc3f6fc968298c1e0efcdc13352ba18a8c053ea2db4a0ace9c7d2,e94d37670b0ee25d29bff5e906ceb8a08b955b9755446b632cc55a151eee6a6d,35487433f5adaa4216b6cbf8870939d7596213c168a3c61da7e0dc1b3edeca50,82fd3cf1636e74a0dd02de1185655bec436cf28e3c8d10189e0c922dc30d6142,26,True,"{""cert_chain_shape"":""N/A"",""cert_sig_algo"":""N/A"",""cert_validity"":""N/A"",""cipher_strength"":""N/A"",""protocol"":""SMTP"",""starttls_integrity"":""stripped-broken-client"",""tls_presence"":""none"",""tls_version"":""N/A""}"
PCAP-065,synthetic,SMTP,8579d1515ab1c50a,UNOBSERVED,N/A,PASS,testbed/captures/PCAP-065.pcap,f1019c3c1d90cd12de4d1b9865b6a0fbf0313bc06b3d83920cfe92005366e025,6d83c3b3474a875f513750a0380ebba10fe1c812a43e5bc9853956cee7434f2d,48dab73268a48c0c262a1c65324e603628fd4f698578e77a5057cafa5008b689,74f071c3ca2c81c76bf0ea752679ef8ce613f27c595c1133e1785e61336c26ce,26,True,"{""cert_chain_shape"":""N/A"",""cert_sig_algo"":""N/A"",""cert_validity"":""N/A"",""cipher_strength"":""N/A"",""protocol"":""SMTP"",""starttls_integrity"":""stripped-broken-server"",""tls_presence"":""none"",""tls_version"":""N/A""}"
PCAP-066,synthetic,IMAP,d3c6cf6c4f9738ac,UNOBSERVED,N/A,PASS,testbed/captures/PCAP-066.pcap,7c2d1ddb657e9590f23ce29e87035f2959ea9fa51362ef4b23df04f31ba519ee,5080a8b5f5552d94cbaafcb4aa9cf4828fcd13bd7fb75d7156a62afdb9264c02,a1f9e2d2ad156a0751a395a3d40d60af84a4aea1c71aeada140d16223d203f94,a811fb24052fa5ee53f148884a765faaa703c33d7f20ead5138ebe70e39e7af0,33,True,"{""cert_chain_shape"":""N/A"",""cert_sig_algo"":""N/A"",""cert_validity"":""N/A"",""cipher_strength"":""N/A"",""protocol"":""IMAP"",""starttls_integrity"":""stripped-broken-client"",""tls_presence"":""none"",""tls_version"":""N/A""}"
PCAP-067,synthetic,IMAP,b93d8d0994bdd8d2,UNOBSERVED,N/A,PASS,testbed/captures/PCAP-067.pcap,03b78273c526f0094ba5c87fde8ce922299198c645bbdd164096cc9e15286ca1,20d41cdaa82e3c7390d2100518a58300ad19a52a4e5d5d82f228889d0479df80,ef1ad5dc10e4c6f33a4bf7b1281b601152142d0c76ea75f13db114d0937cc0c5,15848d0861c6ebc673c31306219ce06d44ca61416b1081f915626f94c63231c2,33,True,"{""cert_chain_shape"":""N/A"",""cert_sig_algo"":""N/A"",""cert_validity"":""N/A"",""cipher_strength"":""N/A"",""protocol"":""IMAP"",""starttls_integrity"":""stripped-broken-server"",""tls_presence"":""none"",""tls_version"":""N/A""}"
PCAP-068,synthetic,POP3,87cb9f168bbaf7cc,UNOBSERVED,N/A,PASS,testbed/captures/PCAP-068.pcap,d5c8a8aaa757b2e9967546638fca4be36e0cce001f97c88cb95fb45882386543,1dd9addd6cf37f28526a85704fde16de9a82a290b3206dff2d2671bd1a1ef5d3,db8974e67d8aa873f5765a526dcecdb37f0a3af81aa3f337d6ab3b1e265b21c2,f4f8853166e946ffb26cf56d0be85629af79b466c08349d03c2e895dcaa5a7dc,28,True,"{""cert_chain_shape"":""N/A"",""cert_sig_algo"":""N/A"",""cert_validity"":""N/A"",""cipher_strength"":""N/A"",""protocol"":""POP3"",""starttls_integrity"":""stripped-broken-client"",""tls_presence"":""none"",""tls_version"":""N/A""}"
PCAP-069,synthetic,POP3,46dad05388e38fc6,UNOBSERVED,N/A,PASS,testbed/captures/PCAP-069.pcap,2ff2890d7628693284338f4cace6644190887a185e2b5dfc77f79e86aa6b74fe,d1a74dde06acf429ca1a69e17228d060979a7939fd2bbb0afcb5efac9ad49521,caa7bddfb133b1740503f5fdd707e53d0a8200586561abed600f7524e4540ac1,2cb1e883bb838d8021ffec99480b87e4d554eb444d3db69bb25a3107907db3c9,28,True,"{""cert_chain_shape"":""N/A"",""cert_sig_algo"":""N/A"",""cert_validity"":""N/A"",""cipher_strength"":""N/A"",""protocol"":""POP3"",""starttls_integrity"":""stripped-broken-server"",""tls_presence"":""none"",""tls_version"":""N/A""}"
PCAP-070,synthetic,SMTP,193def272aa2dbe6,UNOBSERVED,HIGH,INCONCLUSIVE,testbed/captures/PCAP-070.pcap,b0709dc6128ba475536a0c8173acf1701cbfd6666e7141a46c2d2ef8cfb44ad0,6b63c9f0792f01e4d698c846151f7dcd546ffc0ebf63823d054ff1a29645a685,a05cbceb0443a6efb63db28308eb47fc36a5dc6b21921466392c577bdb6fde53,087f07e6b77a73db1e470e4ad29362684cfb8303870a1f60bc94270076495426,24,True,"{""cert_chain_shape"":""complete-chain"",""cert_sig_algo"":""ECDSA"",""cert_validity"":""valid"",""cipher_strength"":""HIGH"",""protocol"":""SMTP"",""starttls_integrity"":""N/A"",""tls_presence"":""implicit-TLS"",""tls_version"":""1.3""}"
PCAP-071,synthetic,IMAP,fdce6809c70f49bc,UNOBSERVED,HIGH,INCONCLUSIVE,testbed/captures/PCAP-071.pcap,59cfb6fdbb9890740a413a656e7492619019b4b8a3fc17389ce5397f4f87c498,4ef9161980de828a07e5dd0064a9c1452b2c4447349c68184f90b7ef1c3cfede,e3a3d30c07c0a2d518062b1062fdc3ec27f6ee74e72066fb96323b7296144eaa,b056e88298e62639d9bc70fd7b54f6dcea405809972cff93a713c7f2968b61a1,23,True,"{""cert_chain_shape"":""complete-chain"",""cert_sig_algo"":""ECDSA"",""cert_validity"":""valid"",""cipher_strength"":""HIGH"",""protocol"":""IMAP"",""starttls_integrity"":""N/A"",""tls_presence"":""implicit-TLS"",""tls_version"":""1.3""}"
PCAP-072,synthetic,POP3,97b82c085bf93903,UNOBSERVED,HIGH,INCONCLUSIVE,testbed/captures/PCAP-072.pcap,526c9882855d9b0a65c682222883faf51a0779bbb0f04076c054ec6586c2b17a,b5888a8dad8601936fae3e4d329c845f8537da49ffd4e7c2c60e2b7502be2c99,2ab6a00c747996fea9e06ce8a831b7f90f4530bccfec6901cadbb691121ad013,a79a3b9304ab0d5093c0848a7612459f04ed1c0a922c063dd6c5d50cd42ad78c,26,True,"{""cert_chain_shape"":""complete-chain"",""cert_sig_algo"":""ECDSA"",""cert_validity"":""valid"",""cipher_strength"":""HIGH"",""protocol"":""POP3"",""starttls_integrity"":""N/A"",""tls_presence"":""implicit-TLS"",""tls_version"":""1.3""}"
PCAP-074,synthetic,SMTP,d1565e34e83277cd,c70dd3b269a7be6c,MEDIUM,PASS,testbed/captures/PCAP-074.pcap,3e8fa590313fd6fa7f408640e9a16ee1902237bdd6b6ad851227fd81967ada0c,46da4afda0ca4f749e2e8e43849035eb611c87464db811316e7ef939433995e3,6aed8ea61a4388ebfa0b27a28a00e83f8ec1fe66f09f7125928dfad4ff8cbdde,fedcb95e05238a3b817dc2d63e8af1deacf361ae55529e541670cb38098b187f,24,True,"{""cert_chain_shape"":""intermediate-not-ca"",""cert_sig_algo"":""ECDSA"",""cert_validity"":""not-yet-valid"",""cipher_strength"":""MEDIUM"",""protocol"":""SMTP"",""starttls_integrity"":""N/A"",""tls_presence"":""implicit-TLS"",""tls_version"":""1.1""}"
PCAP-075,synthetic,SMTP,f45876ee281f0463,c70dd3b269a7be6c,BROKEN,PASS,testbed/captures/PCAP-075.pcap,bb1866e74c98662930b0743b58624b84140d276670964d1a4344b01ccd9ff532,ce1bf2e690b91024305fefccdb3f5b7a115626757b1849fc616875851150f58a,0057cad83f74bab6c82677792c7ea271c217ef4e3d90d4d5eb598d223cfbfae6,96ce2478107c98c775aa1893f2c1a914355a2df30bcae443746479d9552fa75a,24,True,"{""cert_chain_shape"":""complete-chain-untrusted-root"",""cert_sig_algo"":""ECDSA"",""cert_validity"":""expired"",""cipher_strength"":""BROKEN"",""protocol"":""SMTP"",""starttls_integrity"":""N/A"",""tls_presence"":""implicit-TLS"",""tls_version"":""1.2""}"
PCAP-076,synthetic,SMTP,65dda35563a95e1f,c70dd3b269a7be6c,BROKEN,PASS,testbed/captures/PCAP-076.pcap,f6b7baeff094cb05b16dfe711e03a62ac0ea759ea32f8b257ecf21281da1e92a,b21516cd6ac0dc3bbf06c453d45427d22ed46d191f9730908254e60e9cd2c7cd,1bbc744ed2886220482870e2b1bac91f07f0b6d16d2b6554af4f225012c7b387,e0af146adf8524af9a61de94fd21b54f53ed0bdb4f7d689e8b37bed64fd1bdc5,26,True,"{""cert_chain_shape"":""self-signed-untrusted"",""cert_sig_algo"":""RSA-PKCS1v15"",""cert_validity"":""valid"",""cipher_strength"":""BROKEN"",""protocol"":""SMTP"",""starttls_integrity"":""N/A"",""tls_presence"":""implicit-TLS"",""tls_version"":""1.1""}"
PCAP-079,synthetic,SMTP,cd22eb7c3381c8a9,c70dd3b269a7be6c,WEAK,PASS,testbed/captures/PCAP-079.pcap,ea695ce248da6490491701e4e5998a5c7739cb418e48c2a16e5ad85421895d8f,f3a53e8e726ff0a5bdf5a9d1f8a6b2e4fe35914d9f23faae044588656678b152,5225d0f87a4f44c94662efee7c124cc0eda5f0d48d3f7b7d9994754c3f1be285,05687e060ceb9268d038c440123413177579fee4d14694647056cdd11ba17a8d,24,True,"{""cert_chain_shape"":""self-signed-trusted"",""cert_sig_algo"":""RSA-PKCS1v15"",""cert_validity"":""not-yet-valid"",""cipher_strength"":""WEAK"",""protocol"":""SMTP"",""starttls_integrity"":""N/A"",""tls_presence"":""implicit-TLS"",""tls_version"":""1.2""}"
PCAP-080,synthetic,SMTP,adaae84f506963b6,c70dd3b269a7be6c,MEDIUM,PASS,testbed/captures/PCAP-080.pcap,2a897dae7a593952e99d9ee1bdedbed8d111c240e59247dbac59ae4e28a68e0d,8d02336af6a485b822a385f8e2d787b31c69dec6bbb73b2b159ae9f866ec1641,17b50482a3b8dc38c9bb3381cdbe5587314375ce4180e9a3781925c621deb065,50c6bf9b69527f2946a6b16f4d3d45faea01a241bec9eb7ba2f76d909e45c276,24,True,"{""cert_chain_shape"":""leaf-only"",""cert_sig_algo"":""RSA-PSS"",""cert_validity"":""valid"",""cipher_strength"":""MEDIUM"",""protocol"":""SMTP"",""starttls_integrity"":""N/A"",""tls_presence"":""implicit-TLS"",""tls_version"":""1.2""}"
PCAP-081,synthetic,SMTP,1bbf74d8185e1027,c70dd3b269a7be6c,WEAK,PASS,testbed/captures/PCAP-081.pcap,473fbf484c01f531adf3f50cf90f36ed2c99f591976bbd9b9b2d4355ddc5d5ac,bac02c566bee4a14ffaf466f96440fc953e17f03b3d5831d850644dbcdb07e77,a15d66eca8470f537785efd08d12254d98ff00e473b48c6b738405402ec8b4a3,6a125930cc0956e76a15d564ab85f6f4175e453a24bc144959bfb1ad315b4ed5,39,True,"{""cert_chain_shape"":""chain-tampered-intermediate-sig"",""cert_sig_algo"":""RSA-PSS"",""cert_validity"":""expired"",""cipher_strength"":""WEAK"",""protocol"":""SMTP"",""starttls_integrity"":""N/A"",""tls_presence"":""implicit-TLS"",""tls_version"":""1.0""}"
PCAP-082,synthetic,SMTP,b83db90a74972d19,c70dd3b269a7be6c,BROKEN,PASS,testbed/captures/PCAP-082.pcap,b25402359dd34b3f29b7f2f4c49159594600f04076c9239fccfad96ac81ad12b,1693ff91fec50416046b5f4d32f8a540c5edf2957dc70e1f85a6430840319745,cbb10692a23881b475e815cf7b82204af6c17d30c9da1e7280b9d875f2cfaab8,5036bf7525043599c0be143115dfeee480d6e882921711a61bed312b6c982e14,24,True,"{""cert_chain_shape"":""chain-tampered-intermediate-sig"",""cert_sig_algo"":""Ed25519"",""cert_validity"":""not-yet-valid"",""cipher_strength"":""BROKEN"",""protocol"":""SMTP"",""starttls_integrity"":""N/A"",""tls_presence"":""implicit-TLS"",""tls_version"":""1.2""}"
PCAP-083,synthetic,SMTP,1584e4c711313d49,c70dd3b269a7be6c,MEDIUM,PASS,testbed/captures/PCAP-083.pcap,6756a156840ba49ae36a60d1bc266e6a4b48c684946930ab127987782d06ca75,8126e045ae76fb8ce001d6a06e1332ba233150efbfc21a72a210c3f65c3eb124,fb5389346f49e44e1c320989a9214f2adf7191f759ad2a6d86545f07026cc3f8,7ffe6df52cf771b8a75df01bed759138481c38df30a6635f73bfcd165db71721,30,True,"{""cert_chain_shape"":""self-signed-trusted"",""cert_sig_algo"":""Ed25519"",""cert_validity"":""valid"",""cipher_strength"":""MEDIUM"",""protocol"":""SMTP"",""starttls_integrity"":""N/A"",""tls_presence"":""implicit-TLS"",""tls_version"":""1.0""}"
PCAP-084,synthetic,SMTP,3cef12c8d805466b,c70dd3b269a7be6c,WEAK,PASS,testbed/captures/PCAP-084.pcap,e567662d71fee5ecfecb153446f22abc1bfadf990fd27f7bbba78d49b15e7231,600302161b759c9d4354aae9ec2430fac48941d4d2faf4fc25af6fba691143ca,928e52aaea68d5fdc9c0548b45514e981565525744050b937066d92211f5a3a3,d91ec98d70fa1cfa9686334d57a100445acb258630a91ed8a159a4a1138b5ca3,23,True,"{""cert_chain_shape"":""self-signed-untrusted"",""cert_sig_algo"":""ECDSA"",""cert_validity"":""not-yet-valid"",""cipher_strength"":""WEAK"",""protocol"":""SMTP"",""starttls_integrity"":""N/A"",""tls_presence"":""implicit-TLS"",""tls_version"":""1.0""}"
PCAP-085,synthetic,SMTP,1a008ca9e13a6b68,c70dd3b269a7be6c,BROKEN,PASS,testbed/captures/PCAP-085.pcap,76a8de573ecc99054c50441a91bfe7c12a69a6a0d23fe03a59ceedb5d815e265,e1a94887bca44f29d49b0a5c4a5e0e4a629281818d44ef29bf796612a341304a,b2eb55907b52002771b17437c0e6c23efc22c2e2514518d66f4fddfd2cacbe4d,c7b36d1b6131266321231293fc7436d7783de833026d823098878839d7a368bc,24,True,"{""cert_chain_shape"":""intermediate-not-ca"",""cert_sig_algo"":""RSA-PKCS1v15"",""cert_validity"":""not-yet-valid"",""cipher_strength"":""BROKEN"",""protocol"":""SMTP"",""starttls_integrity"":""N/A"",""tls_presence"":""implicit-TLS"",""tls_version"":""1.0""}"
PCAP-086,synthetic,SMTP,2de11502ed097d8e,c70dd3b269a7be6c,HIGH,PASS,testbed/captures/PCAP-086.pcap,29f2fd37e933f97b8bda63b577a3c3fb0a98e2e956c7fdd77438e1347a267faf,20e15b79f39cd2dd8b39d3514c3223214d3eaf53edc195bb79a8747d362eefdf,512c1d1a5a55cae93b4de6973e9c3ad7ebacd6e6170ef4efe69cf8e4c936d5e8,a17230744a16ae158ebb6c8edcadd09de7ec705ec848786503991b73f9921646,24,True,"{""cert_chain_shape"":""intermediate-not-ca"",""cert_sig_algo"":""RSA-PKCS1v15"",""cert_validity"":""valid"",""cipher_strength"":""HIGH"",""protocol"":""SMTP"",""starttls_integrity"":""N/A"",""tls_presence"":""implicit-TLS"",""tls_version"":""1.2""}"
PCAP-087,synthetic,SMTP,e692fc5feb00c94d,c70dd3b269a7be6c,WEAK,PASS,testbed/captures/PCAP-087.pcap,05e44157712bd3bbd9dec35731a46e07e6fe386f16d513ccb2feea40942e5754,ea47868fae5e5769790e6f872c400d25adb29d2006ffbee8e9f64c01df67d84f,789207acb8cae558589a346c5591db9143bb5843b37285db24f019cc11adcff6,b8e6aaecccf448a630e63e678fa4d96a01f410d0341934607176ed87bf27b451,24,True,"{""cert_chain_shape"":""complete-chain"",""cert_sig_algo"":""RSA-PSS"",""cert_validity"":""valid"",""cipher_strength"":""WEAK"",""protocol"":""SMTP"",""starttls_integrity"":""N/A"",""tls_presence"":""implicit-TLS"",""tls_version"":""1.1""}"
PCAP-088,synthetic,SMTP,e1d0eb1da1a8bf1e,UNOBSERVED,HIGH,INCONCLUSIVE,testbed/captures/PCAP-088.pcap,a5d09aed23eef62532b3ff5fc0348b4e6356527398491debb106761d40962deb,3bbd00809713b7d4c4258c3ebb26fd702228a6a4b312685968270fe40ffe3a84,01e403a54d893d716f5ff24c9587fc9e239afb5dc0d8931b5ee73515b017f310,016cc3150a307fcbfbd9a8813afd7294658f5467b59367858f3e7b283e4090c8,27,True,"{""cert_chain_shape"":""self-signed-untrusted"",""cert_sig_algo"":""RSA-PSS"",""cert_validity"":""expired"",""cipher_strength"":""HIGH"",""protocol"":""SMTP"",""starttls_integrity"":""N/A"",""tls_presence"":""implicit-TLS"",""tls_version"":""1.3""}"
PCAP-089,synthetic,SMTP,c45fde9e03805a4d,c70dd3b269a7be6c,MEDIUM,PASS,testbed/captures/PCAP-089.pcap,a1c2399b3588ae235f6666d087d2f0870ae9c73c88d82b0385685edae181ad74,073d380282cbb3e0334870cbd1f1f57c1b0cca34be3031006c3328f749a239a5,c093de9a65109ff85f6327a15efe6d16f362e8956da658e3e3ef4643ba1a78d1,5d80b5670d821ca09008d68e0761a21a5fe58bed6ad39010df4e1c6be7caeabc,24,True,"{""cert_chain_shape"":""complete-chain-untrusted-root"",""cert_sig_algo"":""RSA-PKCS1v15"",""cert_validity"":""not-yet-valid"",""cipher_strength"":""MEDIUM"",""protocol"":""SMTP"",""starttls_integrity"":""N/A"",""tls_presence"":""implicit-TLS"",""tls_version"":""1.1""}"
PCAP-091,synthetic,SMTP,7f7a37ec51fb47d4,c70dd3b269a7be6c,WEAK,PASS,testbed/captures/PCAP-091.pcap,fe80bddef5029a1836b08b2f28970bceb1538bbaa4e137bc5721a13571473571,318af5947a5b61bef6703946943684f028e261590ec5114ebdb824dc76db0652,08c33a48659ca976191919e4f8845570ba09ee71102f41c6e8f980e984806560,c6de32d96df4a564773712810596aa6f19c79e5c5bfb3ff4812cbf11618a39b3,39,True,"{""cert_chain_shape"":""leaf-only"",""cert_sig_algo"":""ECDSA"",""cert_validity"":""expired"",""cipher_strength"":""WEAK"",""protocol"":""SMTP"",""starttls_integrity"":""N/A"",""tls_presence"":""implicit-TLS"",""tls_version"":""1.0""}"
PCAP-092,synthetic,SMTP,928f8a6099e098d2,c70dd3b269a7be6c,MEDIUM,PASS,testbed/captures/PCAP-092.pcap,262d57ef9fc19b79826e23cfc1dae88f86eb6a9aded6d688d7d163e9ef7c0cab,c53583b0c813ac7ad14998eb009cfbb34c680b2be9e99f4aeac71180947613e2,e0c64780630e2668cc83c3d6ab7a22d42b2f875b5887e16bd9877a4283976422,9291101e76acccbfbf7f2aa564d2401a8be3f30abc2003cdcf27ec0cde76847d,24,True,"{""cert_chain_shape"":""chain-tampered-intermediate-sig"",""cert_sig_algo"":""RSA-PKCS1v15"",""cert_validity"":""expired"",""cipher_strength"":""MEDIUM"",""protocol"":""SMTP"",""starttls_integrity"":""N/A"",""tls_presence"":""implicit-TLS"",""tls_version"":""1.1""}"
PCAP-093,synthetic,SMTP,b29df29b933cc86f,c70dd3b269a7be6c,MEDIUM,PASS,testbed/captures/PCAP-093.pcap,db8d0621eb0b24dff8bcc4d7342ac3fb35ca1b703087c15b54dce9e2215bda5d,439250e2b664d272355781abeb613c7d96eef9413365b555f59c7fb43752ec85,b71556ab3aa2a462e0aa72b4313fd76e723ecf1132a4971501b03b252d3ac46d,70300723cbadcc0c6c37cd12c08933139535bd48c7a1ca6d53a3fda360761b5f,24,True,"{""cert_chain_shape"":""self-signed-untrusted"",""cert_sig_algo"":""Ed25519"",""cert_validity"":""valid"",""cipher_strength"":""MEDIUM"",""protocol"":""SMTP"",""starttls_integrity"":""N/A"",""tls_presence"":""implicit-TLS"",""tls_version"":""1.2""}"
PCAP-095,synthetic,SMTP,7b32e9c7372ff269,c70dd3b269a7be6c,BROKEN,PASS,testbed/captures/PCAP-095.pcap,6ec0cfdb208ea4b71a931668c9c0d287cf640f70661adb0b5de23cdb7d0433c8,2e862d3de09082d4e11a85bb76df5aad14a8aca31477a195394642f1f45d3915,ede9705223efd01d921e08d580b46c15ef972303470b9370d8a0ca0602262da7,4a4ce1f944e7d55fc10a83fc425d987f3b94edd4589e9558d36a047c493fa249,24,True,"{""cert_chain_shape"":""complete-chain"",""cert_sig_algo"":""Ed25519"",""cert_validity"":""valid"",""cipher_strength"":""BROKEN"",""protocol"":""SMTP"",""starttls_integrity"":""N/A"",""tls_presence"":""implicit-TLS"",""tls_version"":""1.2""}"
PCAP-097,synthetic,SMTP,3716664caf525be6,c70dd3b269a7be6c,BROKEN,PASS,testbed/captures/PCAP-097.pcap,9c8710b9d8f81256a5e1fa63c8eb80106e9eb51ec86d63f6cbeb830c7cef06ea,d2f18646dfb02b206fc37693722afd1e372168bfd6fb9199552167f5ee172810,a82333d87ffe6cb068ea02a879266c746e50faa4b10107e1db7a2bac078391d9,06131c8a00ef76a399bf16634da6a76340f755703ab728242b676ec797bfc3bb,24,True,"{""cert_chain_shape"":""leaf-only"",""cert_sig_algo"":""RSA-PKCS1v15"",""cert_validity"":""valid"",""cipher_strength"":""BROKEN"",""protocol"":""SMTP"",""starttls_integrity"":""N/A"",""tls_presence"":""implicit-TLS"",""tls_version"":""1.1""}"
PCAP-098,synthetic,SMTP,b4bd69188773d28a,c70dd3b269a7be6c,HIGH,PASS,testbed/captures/PCAP-098.pcap,0c75fe81f3597e5b376e2323a670097a1bed25a90b536be6adf573e9198f4b5a,f3e3fa444e225c0ab135d650cc891b1d8b8abc5cec698f69e41d5f13234689cc,49030cd90e03c4a89f57479628986b314b24a62613ab73fde4906befa84ce127,eda644fa2c31ad6cf2e3eec7ea803b9c516914ab8f3f3672bb81915995ce6737,24,True,"{""cert_chain_shape"":""complete-chain"",""cert_sig_algo"":""ECDSA"",""cert_validity"":""expired"",""cipher_strength"":""HIGH"",""protocol"":""SMTP"",""starttls_integrity"":""N/A"",""tls_presence"":""implicit-TLS"",""tls_version"":""1.2""}"
PCAP-099,synthetic,SMTP,c8e85c6e5c929c6f,UNOBSERVED,HIGH,INCONCLUSIVE,testbed/captures/PCAP-099.pcap,50797e7cbb17fe9118d3d36efb89de092da6fef9aa945486e7a198e50ed3a68e,fde889071fb1bfc4471453693d7c5308757c1fa5774e3d94d0b53c80331c6b08,8e19a017f56b67ddb61fd1c79c12148deb2d83d2615b662152f39ef3cf117622,289194a377d9778b6a2e942a9979f2118926d33dc86196e840df2a6e6690349a,24,True,"{""cert_chain_shape"":""intermediate-not-ca"",""cert_sig_algo"":""RSA-PSS"",""cert_validity"":""expired"",""cipher_strength"":""HIGH"",""protocol"":""SMTP"",""starttls_integrity"":""N/A"",""tls_presence"":""implicit-TLS"",""tls_version"":""1.3""}"
PCAP-100,synthetic,SMTP,0ffd1e1bf069fe78,c70dd3b269a7be6c,WEAK,PASS,testbed/captures/PCAP-100.pcap,ec457e124d77fe3567f6041337a24b4b3efcbc80fe418b3aabdfe45b8c7311e4,9036e1f52c698982be2e416da4c6558115801713073f30243fdce12b0e357bd9,47722ae32bb2f6d0592768e7d2355480503670e7bd58d842f2adb60c358be153,0bc4f1955f839442b0a3558baf4700e944953598d7a7ae92962d4badc2d88aa9,24,True,"{""cert_chain_shape"":""complete-chain-untrusted-root"",""cert_sig_algo"":""RSA-PSS"",""cert_validity"":""valid"",""cipher_strength"":""WEAK"",""protocol"":""SMTP"",""starttls_integrity"":""N/A"",""tls_presence"":""implicit-TLS"",""tls_version"":""1.1""}"
PCAP-101,synthetic,SMTP,3d527707fbd798c5,UNOBSERVED,HIGH,INCONCLUSIVE,testbed/captures/PCAP-101.pcap,3ea2822a3654e81eac4117ff37863ef6706df9dec22b2ac59f6d9a9797f22933,b9154633b1124e87f69c1a3404ae8096a2045364c276ea87ae4573f61f386096,34ba566ca54bb6444b6d451b1f6f7d1c4e9808a400eda888c15e0586e101cce3,137a6aa8cb78a365a40bc9f6bb3b2033c5a65fa73871eca9011ab16080141772,24,True,"{""cert_chain_shape"":""leaf-only"",""cert_sig_algo"":""ECDSA"",""cert_validity"":""not-yet-valid"",""cipher_strength"":""HIGH"",""protocol"":""SMTP"",""starttls_integrity"":""N/A"",""tls_presence"":""implicit-TLS"",""tls_version"":""1.3""}"
PCAP-102,synthetic,SMTP,8ba14dd1a6db03ca,c70dd3b269a7be6c,BROKEN,PASS,testbed/captures/PCAP-102.pcap,63db783fbb984b68b6cc0ad81ba0bfab8b35463d7a930d106df1a5f3f95290a0,0df6d948a2db26b9cfa1adae92f58ff85c38f2a52c5d0e208cb755f09e9e61ff,8caf3261c67dea9d586889610b6a49da78f5c32d4b33f07be136ca7d6426812b,fd15df63982d5c3e5d0638803a1e3646510a49ff32718941233052ce7b7d7c50,24,True,"{""cert_chain_shape"":""self-signed-trusted"",""cert_sig_algo"":""ECDSA"",""cert_validity"":""valid"",""cipher_strength"":""BROKEN"",""protocol"":""SMTP"",""starttls_integrity"":""N/A"",""tls_presence"":""implicit-TLS"",""tls_version"":""1.2""}"
PCAP-103,synthetic,SMTP,76a1978b4ed05138,c70dd3b269a7be6c,BROKEN,PASS,testbed/captures/PCAP-103.pcap,58fcd0ac0e1dc5a5b33825c1547d1d4f9dbed598ee2fee0e80fd9206e7c74eb9,7fa8380205ff3406fde0f4f144f54a8f9754653baf7f1114aeaa6ab9af81daa2,9b33dedd4083dfb5e58466a762161fc25a62b4086524b1dbda75ed1eabc16fe4,2043cde48b77e817e98eca61f93e213f29a6ead8514a92e7c09b075d670a2083,24,True,"{""cert_chain_shape"":""complete-chain"",""cert_sig_algo"":""RSA-PSS"",""cert_validity"":""valid"",""cipher_strength"":""BROKEN"",""protocol"":""SMTP"",""starttls_integrity"":""N/A"",""tls_presence"":""implicit-TLS"",""tls_version"":""1.2""}"
PCAP-104,synthetic,SMTP,6c9ce52b6b793fdd,c70dd3b269a7be6c,MEDIUM,PASS,testbed/captures/PCAP-104.pcap,f66d7ef2030e4f094783799ff006538a78a7e40a84508607315a84795ec26e73,0b404a8aea22239ba2d3720111e7a650f335d9a77f0ea63066e53115b10c7ad5,f04be06e6a2a1981c831b7ff2c96c75a390d7889ca8b723f1ed0f0e83ba111d8,a4fb16cb7647b05dd92d5b98932ce688f345414b8630eb150819b5f4fd7042e3,24,True,"{""cert_chain_shape"":""complete-chain"",""cert_sig_algo"":""ECDSA"",""cert_validity"":""valid"",""cipher_strength"":""MEDIUM"",""protocol"":""SMTP"",""starttls_integrity"":""N/A"",""tls_presence"":""implicit-TLS"",""tls_version"":""1.2""}"
PCAP-105,synthetic,SMTP,4fccb871ca6569cc,c70dd3b269a7be6c,HIGH,PASS,testbed/captures/PCAP-105.pcap,f1c5dcc54df0875f68df5ab69b8591bb7687e978a371f2002bbb0c1f239b4755,86d0bdc598e3ac4271c523a1782d6c6592bf00793b235b57ab28bd5d0685749a,a2f8621070283106f70439d6a8b39118f049380020899175797b1ff662735ad4,d16230f9c107b4981319c07f873937986946038464b75f553f0cd63980706a08,24,True,"{""cert_chain_shape"":""self-signed-trusted"",""cert_sig_algo"":""RSA-PSS"",""cert_validity"":""valid"",""cipher_strength"":""HIGH"",""protocol"":""SMTP"",""starttls_integrity"":""N/A"",""tls_presence"":""implicit-TLS"",""tls_version"":""1.2""}"
PCAP-106,synthetic,SMTP,309b84bcb8ffd964,UNOBSERVED,HIGH,PASS,testbed/captures/PCAP-106.pcap,3e9a88eda80999c43ff3d3547e5e1ce3de3b189f2852b21367b630a6c885ba36,9e62bd8cb1495a8d8e1e244ecef8b4635cfae4a422a0463e9ab18a83f435e43a,d6464c9c520d4873c4715024cc05722559529175e9507bc0fa38cfa50c931469,defe751c51f2bd56e28fdbe1e7a94292c2100bffc023c6c382600bfab7092cc5,19,True,"{""cert_chain_shape"":""N/A"",""cert_sig_algo"":""N/A"",""cert_validity"":""N/A"",""cipher_strength"":""HIGH"",""protocol"":""SMTP"",""starttls_integrity"":""N/A"",""tls_presence"":""implicit-TLS"",""tls_version"":""1.3""}"
PCAP-107,synthetic,SMTP,309b84bcb8ffd964,UNOBSERVED,HIGH,PASS,testbed/captures/PCAP-107.pcap,8cb872caee310c4c8b114c205c31861c7f7eecdf6cb9c1d775d5248e6c282609,00837353f896db67be6726165c146c5106e07ca70e3552a8368b5d447c06dbd6,2f683059dc453129f3596dc055c326519fb99edd49977ea8c4996312d0e1d5a2,cddb8dced79aaf30733fd21986e6576c4bb7c02578cc07260769334dabc0d019,21,True,"{""cert_chain_shape"":""N/A"",""cert_sig_algo"":""N/A"",""cert_validity"":""N/A"",""cipher_strength"":""HIGH"",""protocol"":""SMTP"",""starttls_integrity"":""N/A"",""tls_presence"":""implicit-TLS"",""tls_version"":""1.3""}"
PCAP-108,synthetic,SMTP,193def272aa2dbe6,UNOBSERVED,HIGH,INCONCLUSIVE,testbed/captures/PCAP-108.pcap,1bac77e27dea8440c43d8fbe98dc80b989d7be4fa555b403ca13f43939762c3d,4ce8259432f57e5b7082027f998af542db42827e434bba1f4f63a4501e431036,2df900825c19123a8f5fdee376a8c8292b1e30f734e8e93dc84735db85f3f76c,ba7aef53e512481a67c2f1f81d37a63602746cf3fa6005f40368bbcbe8f2cc89,27,True,"{""cert_chain_shape"":""complete-chain"",""cert_sig_algo"":""ECDSA"",""cert_validity"":""valid"",""cipher_strength"":""HIGH"",""protocol"":""SMTP"",""starttls_integrity"":""N/A"",""tls_presence"":""implicit-TLS"",""tls_version"":""1.3""}"
PCAP-109,synthetic,SMTP,68d6821174879f58,c70dd3b269a7be6c,HIGH,PASS,testbed/captures/PCAP-109.pcap,3c89bcaabab540d29ef3c9b72241b4c0937cefcd9147320d67b5edac1d1fb893,248fd8b4222d72716f0fca6105500dffe741790fc69a5e776490c3e386fa0638,f730b516e9c81cbf4f0d2129290b8755ccc16c8a526065a2147580cc94102d1e,55050afd4306d9779f1ce2626728da8c804d9686a97a51048336ee95c1a13294,25,True,"{""cert_chain_shape"":""complete-chain"",""cert_sig_algo"":""ECDSA"",""cert_validity"":""valid"",""cipher_strength"":""HIGH"",""protocol"":""SMTP"",""starttls_integrity"":""N/A"",""tls_presence"":""implicit-TLS"",""tls_version"":""1.2""}"
PCAP-110,synthetic,SMTP,68d6821174879f58,c70dd3b269a7be6c,HIGH,PASS,testbed/captures/PCAP-110.pcap,e23e3efa1b36a42a717def4739b3381d4e89e283418a15758c988be76391963d,df9e00d1335ed603aa64b666acd377c5ca5f40a556ca6244a7588e8811f9a6f8,2baf18cd46a0e21bdfd087ea7c63e4eab6ed7ca5702639308a13928be65f6c66,670f4483ac2417d356d96762be009f95a5fd364cf658ddc016488db65a199570,24,True,"{""cert_chain_shape"":""complete-chain"",""cert_sig_algo"":""ECDSA"",""cert_validity"":""valid"",""cipher_strength"":""HIGH"",""protocol"":""SMTP"",""starttls_integrity"":""N/A"",""tls_presence"":""implicit-TLS"",""tls_version"":""1.2""}"
PCAP-111,synthetic,SMTP,6135d741d8af9872,c70dd3b269a7be6c,HIGH,PASS,testbed/captures/PCAP-111.pcap,b287f417dd4ed40ce0e32c73f3130a0bc56a8e65e0e5cc6e983331a4eff62a67,171766efac5cb295fb129225aeece83c0baa90136f615edd53f4a789de5a4dad,486cec020344a4efb598ba5ac41c1d19924368e6ea06377552f09f773c38c9b4,092b48166b1dbee25fb1e7c5afd41eee43e7305ca509f244b3dc0e13450f4368,26,True,"{""cert_chain_shape"":""complete-chain"",""cert_sig_algo"":""ECDSA"",""cert_validity"":""valid"",""cipher_strength"":""HIGH"",""protocol"":""SMTP"",""starttls_integrity"":""normal"",""tls_presence"":""STARTTLS-upgraded"",""tls_version"":""1.2""}"
PCAP-113,synthetic,SMTP,52f1341b8439d05b,UNOBSERVED,N/A,PASS,testbed/captures/PCAP-113.pcap,a8aeaedf65183af86c14142d4cf619997a282f0cbbb92514d1b8c566858b5461,bd69a2121973e87686bf7d4e0195690de5442d7f19ab7e7f5ef5a2c37490192b,2b26a2af0f7c2fb942342e3595eb5d0153b22264caf2053635aa0c70f80b209c,12a2f9599f7e3bc2bdf0792737271e0902a1384b3a4555d533a423b8b068dca1,15,True,"{""cert_chain_shape"":""N/A"",""cert_sig_algo"":""N/A"",""cert_validity"":""N/A"",""cipher_strength"":""N/A"",""protocol"":""SMTP"",""starttls_integrity"":""rejected"",""tls_presence"":""none"",""tls_version"":""N/A""}"
PCAP-114,synthetic,SMTP,193def272aa2dbe6,UNOBSERVED,HIGH,INCONCLUSIVE,testbed/captures/PCAP-114.pcap,263723be3180178095babc437cb44dd70fd67ce081b2b40770c10b6c11e32b58,cc7df23f5311ba41d9728caa06429a7de00c32bbe8a15c8b35cf02d2dc52a345,e9c9dc2bb68b5e6cce2fb9e8dde1f09572f5c060c559619a035abb7d99e685b1,3cdcf49296a66e5fa239cd2c015645e2244e0e3f5c9c215e1cecdf0a86efd4d7,24,True,"{""cert_chain_shape"":""complete-chain"",""cert_sig_algo"":""ECDSA"",""cert_validity"":""valid"",""cipher_strength"":""HIGH"",""protocol"":""SMTP"",""starttls_integrity"":""N/A"",""tls_presence"":""implicit-TLS"",""tls_version"":""1.3""}"
PCAP-115,synthetic,SMTP,193def272aa2dbe6,UNOBSERVED,HIGH,INCONCLUSIVE,testbed/captures/PCAP-115.pcap,1df69a8f455e1910a75d4ad941495845736e8badf92e62874bc79946f4df453f,e5f75fbc3451b8e6630a1355e06a03809422c8b4cd14c162f1323f36537b10a2,ff99d686969e42c5cc9dbfdcf0adc9caf753bb396810aee1d280334ec1257a58,88460c1b5e6fdb30e2e79afdcc649c26d22b45f9d53eeaa2ead0e5be36cbd21d,24,True,"{""cert_chain_shape"":""complete-chain"",""cert_sig_algo"":""ECDSA"",""cert_validity"":""valid"",""cipher_strength"":""HIGH"",""protocol"":""SMTP"",""starttls_integrity"":""N/A"",""tls_presence"":""implicit-TLS"",""tls_version"":""1.3""}"
PCAP-116,synthetic,SMTP,193def272aa2dbe6,UNOBSERVED,HIGH,INCONCLUSIVE,testbed/captures/PCAP-116.pcap,7fde0600f4c9f654fb9831d109c368fa4e21d0fc0a927caddde9cf232aeab2bc,4529a456b941b2ccfbf443011723597af5784b09e15a50f8ba8b4c11af6dcffb,996bcf4c993b060e3755b85b23c248c366e326fabcf110fd40c73727b8e532be,ad0ab8568b19db6dbbf809d449e52da322415689d8c200584b7fd8a8d8e8dc42,24,True,"{""cert_chain_shape"":""complete-chain"",""cert_sig_algo"":""ECDSA"",""cert_validity"":""valid"",""cipher_strength"":""HIGH"",""protocol"":""SMTP"",""starttls_integrity"":""N/A"",""tls_presence"":""implicit-TLS"",""tls_version"":""1.3""}"
PCAP-117,synthetic,SMTP,193def272aa2dbe6,UNOBSERVED,HIGH,INCONCLUSIVE,testbed/captures/PCAP-117.pcap,82e29825823a9ec64e5125f052c5e75f4eff41aedd31800b37a33cf2cc37ce0f,00725751a978f4188c3d593128b9b3b9eebcb638b39f458449e0ae03067bc584,cfee7fa8f1ee42abf2c9fddd091875f480f5e5e8d5719cbd71aafae1db97b203,d7142969f67c6e934a777e426769f81bcf3e66bbbb4effb242ece7ba7ce51d8b,24,True,"{""cert_chain_shape"":""complete-chain"",""cert_sig_algo"":""ECDSA"",""cert_validity"":""valid"",""cipher_strength"":""HIGH"",""protocol"":""SMTP"",""starttls_integrity"":""N/A"",""tls_presence"":""implicit-TLS"",""tls_version"":""1.3""}"
PCAP-118,synthetic,SMTP,193def272aa2dbe6,UNOBSERVED,HIGH,INCONCLUSIVE,testbed/captures/PCAP-118.pcap,df4e3ec1149769872e4e4565510f1fff9d9fbfd5a36a223d490a28803a7d116d,e6a72eabbe2c77773141f7df40ba40247b2a541fb7765e8b8fbba2afdd8ce3f4,e9bdd1239502993eaba7357343d32d9f13c59b46f3c2698ba633a0073a98c8e5,0df3b0507654b00245e8ec5791a5bdaddb3729648536b5c908e648dadb25b3c5,24,True,"{""cert_chain_shape"":""complete-chain"",""cert_sig_algo"":""ECDSA"",""cert_validity"":""valid"",""cipher_strength"":""HIGH"",""protocol"":""SMTP"",""starttls_integrity"":""N/A"",""tls_presence"":""implicit-TLS"",""tls_version"":""1.3""}"
PCAP-119,synthetic,SMTP,68d6821174879f58,c70dd3b269a7be6c,HIGH,PASS,testbed/captures/PCAP-119.pcap,8597dd3a7f0824ea99ddb505b84122d28a251f1fc59e1adfe2ee5db68b508e5f,0e49c63b23d89e9b69dd0971997ad4a9528a08116adacb29d67e1295eb667d34,772481e668eb39359856dc72dca0173821e4f1b2cc2e2e1e6ee86a021ec69cf5,97527429f0e63364f037dc6d50113db6550f3ca10c73dad22415fb441aa96887,24,True,"{""cert_chain_shape"":""complete-chain"",""cert_sig_algo"":""ECDSA"",""cert_validity"":""valid"",""cipher_strength"":""HIGH"",""protocol"":""SMTP"",""starttls_integrity"":""N/A"",""tls_presence"":""implicit-TLS"",""tls_version"":""1.2""}"
PCAP-120,synthetic,SMTP,391067a58977b168,UNOBSERVED,N/A,PASS,testbed/captures/PCAP-120.pcap,cccdae966998aea3e464481720b1f9f08675c7b32b432898b4a3c0524a87d27e,9fa0c8989244eb97f6d73df0b026a92e24135ecaa4e535c1a7a0729b28c6fa39,17febcd57daa124a93d99952f850d509807c6f0ce35ad7cd012b097dbf11d808,d1297a864ad39a693e6553490e238bf3fed12aff747d31cda90a33c0b0e362b7,15,True,"{""cert_chain_shape"":""N/A"",""cert_sig_algo"":""N/A"",""cert_validity"":""N/A"",""cipher_strength"":""N/A"",""protocol"":""SMTP"",""starttls_integrity"":""no-advertisement"",""tls_presence"":""none"",""tls_version"":""N/A""}"
PCAP-121,synthetic,SMTP,428a6420b08ba4b1,UNOBSERVED,HIGH,PASS,testbed/captures/PCAP-121.pcap,833192f0b8d64598c97cd5ba1bc814eb93bcf807417006a54c26e1ce1b9e9918,120927bfad591e06d6a82dbb5e5d35ba950935193d7099f4e43717a2b70a23bf,606e7c7b361751db4547ee1a282d713dabd06e4fd762c6159dc7018903e158a7,143ab58be6be17e902fd515b744d90fe931bda31ad34ad0d62193d67f6642483,10,True,"{""cert_chain_shape"":""N/A"",""cert_sig_algo"":""N/A"",""cert_validity"":""N/A"",""cipher_strength"":""HIGH"",""protocol"":""SMTP"",""starttls_integrity"":""N/A"",""tls_presence"":""implicit-TLS"",""tls_version"":""1.2""}"
PCAP-122,synthetic,SMTP,193def272aa2dbe6,UNOBSERVED,HIGH,INCONCLUSIVE,testbed/captures/PCAP-122.pcap,0838ddc19079fb1976efa32da5261609e990887221059c6324aa4fc4800456ce,ef3467e41b5c912fc9eb9b7955e9527c3717c63950f9665b56cd977def842c10,1f97bbd54290f3bfca47624adcbf3bbe173bcac93e7718c081bab8e5bafe8043,3fbf1ce8a3ec2654e79af0e967754d52ff6bc8489067db4d96fbb82704856031,19,True,"{""cert_chain_shape"":""complete-chain"",""cert_sig_algo"":""ECDSA"",""cert_validity"":""valid"",""cipher_strength"":""HIGH"",""protocol"":""SMTP"",""starttls_integrity"":""N/A"",""tls_presence"":""implicit-TLS"",""tls_version"":""1.3""}"
PCAP-123,synthetic,IMAP,8d75c107a4475125,UNOBSERVED,HIGH,INCONCLUSIVE,testbed/captures/PCAP-123.pcap,6cb1aa6f291567f4a6812a05a6cbf9036b4771c05e2f71d79836fa06f4eb0a25,3da1436e36cd87dfe64f161e3750c93e4a073a4265b351e7a5715098ef45391c,789a38e275dbc51f17d0c3ae046f44759f56d41136ab747c4b276a60bfca7ddc,5759f5e26d1d5c8f1e894ebdb2a2685cf2764cf5fcf85b495c5be6262ee7915d,33,True,"{""cert_chain_shape"":""complete-chain"",""cert_sig_algo"":""ECDSA"",""cert_validity"":""valid"",""cipher_strength"":""HIGH"",""protocol"":""IMAP"",""starttls_integrity"":""normal"",""tls_presence"":""STARTTLS-upgraded"",""tls_version"":""1.3""}"
PCAP-124,synthetic,POP3,d76073090bfee8fd,UNOBSERVED,HIGH,INCONCLUSIVE,testbed/captures/PCAP-124.pcap,750f819cf3c7f1f6506606573bb2043879d2c6b5d10692fdee3cc29324ea835a,fa0da13c495ded9c6ee4a61bba8bb1fb8b76418e93ae78852f345ec0e6b4e93f,06227c11be764e764887b327fe5205077394454a6e9ce4a3048713e298e1eb49,1d8a811686a536d41e96b3404a27d52196f669332b46cc3dc24f06fc46271779,35,True,"{""cert_chain_shape"":""complete-chain"",""cert_sig_algo"":""ECDSA"",""cert_validity"":""valid"",""cipher_strength"":""HIGH"",""protocol"":""POP3"",""starttls_integrity"":""normal"",""tls_presence"":""STARTTLS-upgraded"",""tls_version"":""1.3""}"
PCAP-125,synthetic,SMTP,68d6821174879f58,c70dd3b269a7be6c,HIGH,PASS,testbed/captures/PCAP-125.pcap,668668d585cabed7eec6d641af0b0f034a7b9b5d936322d58735baefde980a10,0acfcc370d3fb347f469afad23158362cf2624dc2185e293192eed64a9bdd5a9,e6433352f1b4303bcc987f94042efa40855c1a9efa1daef66ffad7a7d8509ad9,a56718abe826366746e7ae56ce5fb1169a2edabeb46ae64434272e4ddfd77447,24,True,"{""cert_chain_shape"":""complete-chain"",""cert_sig_algo"":""ECDSA"",""cert_validity"":""valid"",""cipher_strength"":""HIGH"",""protocol"":""SMTP"",""starttls_integrity"":""N/A"",""tls_presence"":""implicit-TLS"",""tls_version"":""1.2""}"
PCAP-126,synthetic,SMTP,c0309eafc386afe6,c70dd3b269a7be6c,HIGH,PASS,testbed/captures/PCAP-126.pcap,bfb82533cc37c904b325d0df431975401093092ce10fe3054dd8024a9c425a9f,2fa16cdab151bebafc96eaed749064789ae7ee65ebcf68512055603ec025c52a,ff6cbf3e43ab5c08173f7985c013072a6ec4348a6104d6668d41be9fbe75da88,312f5fa99463aa1fb188d429ab45c94b8a51e46083c9c1a834137207d6764180,24,True,"{""cert_chain_shape"":""complete-chain"",""cert_sig_algo"":""RSA-PKCS1v15"",""cert_validity"":""valid"",""cipher_strength"":""HIGH"",""protocol"":""SMTP"",""starttls_integrity"":""N/A"",""tls_presence"":""implicit-TLS"",""tls_version"":""1.2""}"
