record_id,country_group,data_source,split,risk_tier_rubric
zgrab_587_Australia.json:1,Australia,zgrab_real,validation,CRITICAL
zgrab_587_Australia.json:2,Australia,zgrab_real,validation,LOW_OR_MEDIUM
zgrab_587_Australia.json:3,Australia,zgrab_real,validation,LOW_OR_MEDIUM
zgrab_587_Australia.json:4,Australia,zgrab_real,validation,LOW_OR_MEDIUM
zgrab_587_Australia.json:5,Australia,zgrab_real,validation,LOW_OR_MEDIUM
zgrab_587_Australia.json:6,Australia,zgrab_real,validation,LOW_OR_MEDIUM
zgrab_587_Australia.json:7,Australia,zgrab_real,validation,LOW_OR_MEDIUM
zgrab_587_Australia.json:8,Australia,zgrab_real,validation,LOW_OR_MEDIUM
zgrab_587_Australia.json:9,Australia,zgrab_real,validation,LOW_OR_MEDIUM
zgrab_587_Australia.json:10,Australia,zgrab_real,validation,LOW_OR_MEDIUM
zgrab_587_Australia.json:11,Australia,zgrab_real,validation,LOW_OR_MEDIUM
zgrab_587_Australia.json:12,Australia,zgrab_real,validation,LOW_OR_MEDIUM
zgrab_587_Australia.json:13,Australia,zgrab_real,validation,LOW_OR_MEDIUM
zgrab_587_Australia.json:14,Australia,zgrab_real,validation,LOW_OR_MEDIUM
zgrab_587_Australia.json:15,Australia,zgrab_real,validation,LOW_OR_MEDIUM
zgrab_587_Australia.json:16,Australia,zgrab_real,validation,LOW_OR_MEDIUM
zgrab_587_Australia.json:17,Australia,zgrab_real,validation,LOW_OR_MEDIUM
zgrab_587_Australia.json:18,Australia,zgrab_real,validation,LOW_OR_MEDIUM
zgrab_587_Australia.json:19,Australia,zgrab_real,validation,LOW_OR_MEDIUM
zgrab_587_Australia.json:20,Australia,zgrab_real,validation,CRITICAL
zgrab_587_Australia.json:21,Australia,zgrab_real,validation,CRITICAL
zgrab_587_Australia.json:22,Australia,zgrab_real,validation,CRITICAL
zgrab_587_Australia.json:23,Australia,zgrab_real,validation,CRITICAL
zgrab_587_Australia.json:24,Australia,zgrab_real,validation,CRITICAL
zgrab_587_Australia.json:25,Australia,zgrab_real,validation,CRITICAL
zgrab_587_Australia.json:26,Australia,zgrab_real,validation,CRITICAL
zgrab_587_Australia.json:27,Australia,zgrab_real,validation,CRITICAL
zgrab_587_Australia.json:28,Australia,zgrab_real,validation,CRITICAL
zgrab_587_Australia.json:29,Australia,zgrab_real,validation,CRITICAL
zgrab_587_Australia.json:30,Australia,zgrab_real,validation,LOW_OR_MEDIUM
zgrab_587_Australia.json:31,Australia,zgrab_real,validation,LOW_OR_MEDIUM
zgrab_587_Australia.json:32,Australia,zgrab_real,validation,CRITICAL
zgrab_587_Australia.json:33,Australia,zgrab_real,validation,LOW_OR_MEDIUM
zgrab_587_Australia.json:34,Australia,zgrab_real,validation,LOW_OR_MEDIUM
zgrab_587_Australia.json:35,Australia,zgrab_real,validation,LOW_OR_MEDIUM
zgrab_587_Australia.json:36,Australia,zgrab_real,validation,LOW_OR_MEDIUM
zgrab_587_Australia.json:38,Australia,zgrab_real,validation,LOW_OR_MEDIUM
zgrab_587_Australia.json:39,Australia,zgrab_real,validation,LOW_OR_MEDIUM
zgrab_587_Australia.json:40,Australia,zgrab_real,validation,HIGH
zgrab_587_Australia.json:41,Australia,zgrab_real,validation,CRITICAL
zgrab_587_Australia.json:42,Australia,zgrab_real,validation,CRITICAL
zgrab_587_Australia.json:43,Australia,zgrab_real,validation,CRITICAL
zgrab_587_Australia.json:44,Australia,zgrab_real,validation,LOW_OR_MEDIUM
zgrab_587_Australia.json:45,Australia,zgrab_real,validation,LOW_OR_MEDIUM
zgrab_587_Australia.json:46,Australia,zgrab_real,validation,LOW_OR_MEDIUM
zgrab_587_Australia.json:47,Australia,zgrab_real,validation,CRITICAL
zgrab_587_Australia.json:48,Australia,zgrab_real,validation,LOW_OR_MEDIUM
zgrab_587_Australia.json:49,Australia,zgrab_real,validation,CRITICAL
zgrab_587_Australia.json:50,Australia,zgrab_real,validation,LOW_OR_MEDIUM
zgrab_587_Australia.json:51,Australia,zgrab_real,validation,LOW_OR_MEDIUM
zgrab_587_Australia.json:52,Australia,zgrab_real,validation,LOW_OR_MEDIUM
zgrab_587_Australia.json:54,Australia,zgrab_real,validation,LOW_OR_MEDIUM
zgrab_587_Australia.json:55,Australia,zgrab_real,validation,HIGH
zgrab_587_Australia.json:56,Australia,zgrab_real,validation,LOW_OR_MEDIUM
zgrab_587_Australia.json:57,Australia,zgrab_real,validation,LOW_OR_MEDIUM
zgrab_587_Australia.json:58,Australia,zgrab_real,validation,LOW_OR_MEDIUM
zgrab_587_Australia.json:59,Australia,zgrab_real,validation,LOW_OR_MEDIUM
zgrab_587_Australia.json:60,Australia,zgrab_real,validation,LOW_OR_MEDIUM
zgrab_587_Australia.json:61,Australia,zgrab_real,validation,CRITICAL
zgrab_587_Australia.json:62,Australia,zgrab_real,validation,LOW_OR_MEDIUM
zgrab_587_Australia.json:63,Australia,zgrab_real,validation,CRITICAL
zgrab_587_Australia.json:64,Australia,zgrab_real,validation,LOW_OR_MEDIUM
zgrab_587_Australia.json:65,Australia,zgrab_real,validation,LOW_OR_MEDIUM
zgrab_587_Australia.json:66,Australia,zgrab_real,validation,CRITICAL
zgrab_587_Australia.json:67,Australia,zgrab_real,validation,HIGH
zgrab_587_Australia.json:68,Australia,zgrab_real,validation,HIGH
zgrab_587_Australia.json:69,Australia,zgrab_real,validation,LOW_OR_MEDIUM
zgrab_587_Australia.json:72,Australia,zgrab_real,validation,CRITICAL
zgrab_587_Australia.json:73,Australia,zgrab_real,validation,LOW_OR_MEDIUM
zgrab_587_Australia.json:74,Australia,zgrab_real,validation,LOW_OR_MEDIUM
zgrab_587_Australia.json:76,Australia,zgrab_real,validation,HIGH
zgrab_587_Australia.json:77,Australia,zgrab_real,validation,CRITICAL
zgrab_587_Australia.json:79,Australia,zgrab_real,validation,HIGH
zgrab_587_Australia.json:80,Australia,zgrab_real,validation,CRITICAL
zgrab_587_Australia.json:81,Australia,zgrab_real,validation,LOW_OR_MEDIUM
zgrab_587_Australia.json:82,Australia,zgrab_real,validation,LOW_OR_MEDIUM
zgrab_587_Australia.json:83,Australia,zgrab_real,validation,LOW_OR_MEDIUM
zgrab_587_Australia.json:84,Australia,zgrab_real,validation,LOW_OR_MEDIUM
zgrab_587_Australia.json:85,Australia,zgrab_real,validation,LOW_OR_MEDIUM
zgrab_587_Australia.json:86,Australia,zgrab_real,validation,LOW_OR_MEDIUM
zgrab_587_Australia.json:87,Australia,zgrab_real,validation,CRITICAL
zgrab_587_Australia.json:88,Australia,zgrab_real,validation,LOW_OR_MEDIUM
zgrab_587_Australia.json:89,Australia,zgrab_real,validation,LOW_OR_MEDIUM
zgrab_587_Australia.json:90,Australia,zgrab_real,validation,CRITICAL
zgrab_587_Australia.json:91,Australia,zgrab_real,validation,LOW_OR_MEDIUM
zgrab_587_Australia.json:92,Australia,zgrab_real,validation,LOW_OR_MEDIUM
zgrab_587_Australia.json:93,Australia,zgrab_real,validation,LOW_OR_MEDIUM
zgrab_587_Australia.json:94,Australia,zgrab_real,validation,LOW_OR_MEDIUM
zgrab_587_Australia.json:95,Australia,zgrab_real,validation,LOW_OR_MEDIUM
zgrab_587_Australia.json:96,Australia,zgrab_real,validation,LOW_OR_MEDIUM
zgrab_587_Australia.json:97,Australia,zgrab_real,validation,LOW_OR_MEDIUM
zgrab_587_Australia.json:98,Australia,zgrab_real,validation,LOW_OR_MEDIUM
zgrab_587_Australia.json:99,Australia,zgrab_real,validation,LOW_OR_MEDIUM
zgrab_587_Australia.json:100,Australia,zgrab_real,validation,CRITICAL
zgrab_587_Brazil.json:1,Brazil,zgrab_real,train,LOW_OR_MEDIUM
zgrab_587_Brazil.json:2,Brazil,zgrab_real,train,LOW_OR_MEDIUM
zgrab_587_Brazil.json:3,Brazil,zgrab_real,train,LOW_OR_MEDIUM
zgrab_587_Brazil.json:4,Brazil,zgrab_real,train,LOW_OR_MEDIUM
zgrab_587_Brazil.json:5,Brazil,zgrab_real,train,CRITICAL
zgrab_587_Brazil.json:6,Brazil,zgrab_real,train,LOW_OR_MEDIUM
zgrab_587_Brazil.json:7,Brazil,zgrab_real,train,CRITICAL
zgrab_587_Brazil.json:8,Brazil,zgrab_real,train,LOW_OR_MEDIUM
zgrab_587_Brazil.json:9,Brazil,zgrab_real,train,LOW_OR_MEDIUM
zgrab_587_Brazil.json:10,Brazil,zgrab_real,train,LOW_OR_MEDIUM
zgrab_587_Brazil.json:11,Brazil,zgrab_real,train,LOW_OR_MEDIUM
zgrab_587_Brazil.json:12,Brazil,zgrab_real,train,LOW_OR_MEDIUM
zgrab_587_Brazil.json:13,Brazil,zgrab_real,train,LOW_OR_MEDIUM
zgrab_587_Brazil.json:14,Brazil,zgrab_real,train,LOW_OR_MEDIUM
zgrab_587_Brazil.json:15,Brazil,zgrab_real,train,LOW_OR_MEDIUM
zgrab_587_Brazil.json:16,Brazil,zgrab_real,train,LOW_OR_MEDIUM
zgrab_587_Brazil.json:17,Brazil,zgrab_real,train,LOW_OR_MEDIUM
zgrab_587_Brazil.json:18,Brazil,zgrab_real,train,LOW_OR_MEDIUM
zgrab_587_Brazil.json:19,Brazil,zgrab_real,train,LOW_OR_MEDIUM
zgrab_587_Brazil.json:20,Brazil,zgrab_real,train,LOW_OR_MEDIUM
zgrab_587_Brazil.json:21,Brazil,zgrab_real,train,LOW_OR_MEDIUM
zgrab_587_Brazil.json:22,Brazil,zgrab_real,train,LOW_OR_MEDIUM
zgrab_587_Brazil.json:23,Brazil,zgrab_real,train,LOW_OR_MEDIUM
zgrab_587_Brazil.json:24,Brazil,zgrab_real,train,LOW_OR_MEDIUM
zgrab_587_Brazil.json:25,Brazil,zgrab_real,train,LOW_OR_MEDIUM
zgrab_587_Brazil.json:26,Brazil,zgrab_real,train,CRITICAL
zgrab_587_Brazil.json:27,Brazil,zgrab_real,train,LOW_OR_MEDIUM
zgrab_587_Brazil.json:28,Brazil,zgrab_real,train,LOW_OR_MEDIUM
zgrab_587_Brazil.json:29,Brazil,zgrab_real,train,LOW_OR_MEDIUM
zgrab_587_Brazil.json:30,Brazil,zgrab_real,train,LOW_OR_MEDIUM
zgrab_587_Brazil.json:32,Brazil,zgrab_real,train,LOW_OR_MEDIUM
zgrab_587_Brazil.json:33,Brazil,zgrab_real,train,LOW_OR_MEDIUM
zgrab_587_Brazil.json:36,Brazil,zgrab_real,train,CRITICAL
zgrab_587_Brazil.json:37,Brazil,zgrab_real,train,LOW_OR_MEDIUM
zgrab_587_Brazil.json:38,Brazil,zgrab_real,train,LOW_OR_MEDIUM
zgrab_587_Brazil.json:39,Brazil,zgrab_real,train,LOW_OR_MEDIUM
zgrab_587_Brazil.json:40,Brazil,zgrab_real,train,CRITICAL
zgrab_587_Brazil.json:41,Brazil,zgrab_real,train,CRITICAL
zgrab_587_Brazil.json:42,Brazil,zgrab_real,train,LOW_OR_MEDIUM
zgrab_587_Brazil.json:43,Brazil,zgrab_real,train,LOW_OR_MEDIUM
zgrab_587_Brazil.json:44,Brazil,zgrab_real,train,LOW_OR_MEDIUM
zgrab_587_Brazil.json:45,Brazil,zgrab_real,train,LOW_OR_MEDIUM
zgrab_587_Brazil.json:46,Brazil,zgrab_real,train,LOW_OR_MEDIUM
zgrab_587_Brazil.json:47,Brazil,zgrab_real,train,LOW_OR_MEDIUM
zgrab_587_Brazil.json:48,Brazil,zgrab_real,train,CRITICAL
zgrab_587_Brazil.json:49,Brazil,zgrab_real,train,CRITICAL
zgrab_587_Brazil.json:50,Brazil,zgrab_real,train,CRITICAL
zgrab_587_Brazil.json:51,Brazil,zgrab_real,train,CRITICAL
zgrab_587_Brazil.json:53,Brazil,zgrab_real,train,CRITICAL
zgrab_587_Brazil.json:54,Brazil,zgrab_real,train,CRITICAL
zgrab_587_Brazil.json:55,Brazil,zgrab_real,train,CRITICAL
zgrab_587_Brazil.json:56,Brazil,zgrab_real,train,CRITICAL
zgrab_587_Brazil.json:57,Brazil,zgrab_real,train,CRITICAL
zgrab_587_Brazil.json:58,Brazil,zgrab_real,train,HIGH
zgrab_587_Brazil.json:59,Brazil,zgrab_real,train,CRITICAL
zgrab_587_Brazil.json:60,Brazil,zgrab_real,train,CRITICAL
zgrab_587_Brazil.json:61,Brazil,zgrab_real,train,CRITICAL
zgrab_587_Brazil.json:62,Brazil,zgrab_real,train,CRITICAL
zgrab_587_Brazil.json:63,Brazil,zgrab_real,train,CRITICAL
zgrab_587_Brazil.json:64,Brazil,zgrab_real,train,CRITICAL
zgrab_587_Brazil.json:65,Brazil,zgrab_real,train,CRITICAL
zgrab_587_Brazil.json:66,Brazil,zgrab_real,train,CRITICAL
zgrab_587_Brazil.json:67,Brazil,zgrab_real,train,LOW_OR_MEDIUM
zgrab_587_Brazil.json:68,Brazil,zgrab_real,train,LOW_OR_MEDIUM
zgrab_587_Brazil.json:69,Brazil,zgrab_real,train,HIGH
zgrab_587_Brazil.json:82,Brazil,zgrab_real,train,CRITICAL
zgrab_587_Brazil.json:83,Brazil,zgrab_real,train,CRITICAL
zgrab_587_Brazil.json:84,Brazil,zgrab_real,train,CRITICAL
zgrab_587_Brazil.json:85,Brazil,zgrab_real,train,LOW_OR_MEDIUM
zgrab_587_Brazil.json:88,Brazil,zgrab_real,train,LOW_OR_MEDIUM
zgrab_587_Brazil.json:89,Brazil,zgrab_real,train,CRITICAL
zgrab_587_Brazil.json:90,Brazil,zgrab_real,train,HIGH
zgrab_587_Brazil.json:91,Brazil,zgrab_real,train,LOW_OR_MEDIUM
zgrab_587_Brazil.json:92,Brazil,zgrab_real,train,CRITICAL
zgrab_587_Brazil.json:93,Brazil,zgrab_real,train,CRITICAL
zgrab_587_Brazil.json:94,Brazil,zgrab_real,train,HIGH
zgrab_587_Brazil.json:95,Brazil,zgrab_real,train,CRITICAL
zgrab_587_Brazil.json:96,Brazil,zgrab_real,train,CRITICAL
zgrab_587_Brazil.json:97,Brazil,zgrab_real,train,CRITICAL
zgrab_587_Brazil.json:98,Brazil,zgrab_real,train,HIGH
zgrab_587_Canada.json:1,Canada,zgrab_real,test,CRITICAL
zgrab_587_Canada.json:2,Canada,zgrab_real,test,CRITICAL
zgrab_587_Canada.json:3,Canada,zgrab_real,test,CRITICAL
zgrab_587_Canada.json:4,Canada,zgrab_real,test,CRITICAL
zgrab_587_Canada.json:5,Canada,zgrab_real,test,CRITICAL
zgrab_587_Canada.json:6,Canada,zgrab_real,test,LOW_OR_MEDIUM
zgrab_587_Canada.json:7,Canada,zgrab_real,test,CRITICAL
zgrab_587_Canada.json:8,Canada,zgrab_real,test,CRITICAL
zgrab_587_Canada.json:9,Canada,zgrab_real,test,HIGH
zgrab_587_Canada.json:10,Canada,zgrab_real,test,CRITICAL
zgrab_587_Canada.json:11,Canada,zgrab_real,test,LOW_OR_MEDIUM
zgrab_587_Canada.json:12,Canada,zgrab_real,test,LOW_OR_MEDIUM
zgrab_587_Canada.json:13,Canada,zgrab_real,test,CRITICAL
zgrab_587_Canada.json:14,Canada,zgrab_real,test,CRITICAL
zgrab_587_Canada.json:15,Canada,zgrab_real,test,CRITICAL
zgrab_587_Canada.json:16,Canada,zgrab_real,test,CRITICAL
zgrab_587_Canada.json:17,Canada,zgrab_real,test,LOW_OR_MEDIUM
zgrab_587_Canada.json:18,Canada,zgrab_real,test,LOW_OR_MEDIUM
zgrab_587_Canada.json:19,Canada,zgrab_real,test,HIGH
zgrab_587_Canada.json:20,Canada,zgrab_real,test,CRITICAL
zgrab_587_Canada.json:21,Canada,zgrab_real,test,LOW_OR_MEDIUM
zgrab_587_Canada.json:22,Canada,zgrab_real,test,CRITICAL
zgrab_587_Canada.json:23,Canada,zgrab_real,test,LOW_OR_MEDIUM
zgrab_587_Canada.json:24,Canada,zgrab_real,test,CRITICAL
zgrab_587_Canada.json:25,Canada,zgrab_real,test,CRITICAL
zgrab_587_Canada.json:26,Canada,zgrab_real,test,CRITICAL
zgrab_587_Canada.json:27,Canada,zgrab_real,test,CRITICAL
zgrab_587_Canada.json:28,Canada,zgrab_real,test,CRITICAL
zgrab_587_Canada.json:29,Canada,zgrab_real,test,CRITICAL
zgrab_587_Canada.json:30,Canada,zgrab_real,test,CRITICAL
zgrab_587_Canada.json:31,Canada,zgrab_real,test,CRITICAL
zgrab_587_Canada.json:32,Canada,zgrab_real,test,CRITICAL
zgrab_587_Canada.json:33,Canada,zgrab_real,test,CRITICAL
zgrab_587_Canada.json:34,Canada,zgrab_real,test,CRITICAL
zgrab_587_Canada.json:35,Canada,zgrab_real,test,CRITICAL
zgrab_587_Canada.json:36,Canada,zgrab_real,test,CRITICAL
zgrab_587_Canada.json:38,Canada,zgrab_real,test,CRITICAL
zgrab_587_Canada.json:39,Canada,zgrab_real,test,CRITICAL
zgrab_587_Canada.json:40,Canada,zgrab_real,test,CRITICAL
zgrab_587_Canada.json:41,Canada,zgrab_real,test,LOW_OR_MEDIUM
zgrab_587_Canada.json:42,Canada,zgrab_real,test,CRITICAL
zgrab_587_Canada.json:43,Canada,zgrab_real,test,CRITICAL
zgrab_587_Canada.json:44,Canada,zgrab_real,test,CRITICAL
zgrab_587_Canada.json:45,Canada,zgrab_real,test,CRITICAL
zgrab_587_Canada.json:46,Canada,zgrab_real,test,CRITICAL
zgrab_587_Canada.json:47,Canada,zgrab_real,test,CRITICAL
zgrab_587_Canada.json:48,Canada,zgrab_real,test,CRITICAL
zgrab_587_Canada.json:49,Canada,zgrab_real,test,CRITICAL
zgrab_587_Canada.json:50,Canada,zgrab_real,test,CRITICAL
zgrab_587_Canada.json:51,Canada,zgrab_real,test,CRITICAL
zgrab_587_Canada.json:52,Canada,zgrab_real,test,CRITICAL
zgrab_587_Canada.json:53,Canada,zgrab_real,test,LOW_OR_MEDIUM
zgrab_587_Canada.json:54,Canada,zgrab_real,test,LOW_OR_MEDIUM
zgrab_587_Canada.json:55,Canada,zgrab_real,test,LOW_OR_MEDIUM
zgrab_587_Canada.json:56,Canada,zgrab_real,test,LOW_OR_MEDIUM
zgrab_587_Canada.json:57,Canada,zgrab_real,test,LOW_OR_MEDIUM
zgrab_587_Canada.json:58,Canada,zgrab_real,test,LOW_OR_MEDIUM
zgrab_587_Canada.json:59,Canada,zgrab_real,test,LOW_OR_MEDIUM
zgrab_587_Canada.json:60,Canada,zgrab_real,test,LOW_OR_MEDIUM
zgrab_587_Canada.json:61,Canada,zgrab_real,test,LOW_OR_MEDIUM
zgrab_587_Canada.json:62,Canada,zgrab_real,test,CRITICAL
zgrab_587_Canada.json:63,Canada,zgrab_real,test,LOW_OR_MEDIUM
zgrab_587_Canada.json:64,Canada,zgrab_real,test,LOW_OR_MEDIUM
zgrab_587_Canada.json:65,Canada,zgrab_real,test,LOW_OR_MEDIUM
zgrab_587_Canada.json:66,Canada,zgrab_real,test,LOW_OR_MEDIUM
zgrab_587_Canada.json:67,Canada,zgrab_real,test,CRITICAL
zgrab_587_Canada.json:68,Canada,zgrab_real,test,CRITICAL
zgrab_587_Canada.json:69,Canada,zgrab_real,test,CRITICAL
zgrab_587_Canada.json:70,Canada,zgrab_real,test,LOW_OR_MEDIUM
zgrab_587_Canada.json:71,Canada,zgrab_real,test,LOW_OR_MEDIUM
zgrab_587_Canada.json:72,Canada,zgrab_real,test,LOW_OR_MEDIUM
zgrab_587_Canada.json:73,Canada,zgrab_real,test,LOW_OR_MEDIUM
zgrab_587_Canada.json:74,Canada,zgrab_real,test,LOW_OR_MEDIUM
zgrab_587_Canada.json:75,Canada,zgrab_real,test,CRITICAL
zgrab_587_Canada.json:76,Canada,zgrab_real,test,LOW_OR_MEDIUM
zgrab_587_Canada.json:77,Canada,zgrab_real,test,LOW_OR_MEDIUM
zgrab_587_Canada.json:78,Canada,zgrab_real,test,LOW_OR_MEDIUM
zgrab_587_Canada.json:83,Canada,zgrab_real,test,CRITICAL
zgrab_587_Canada.json:84,Canada,zgrab_real,test,LOW_OR_MEDIUM
zgrab_587_Canada.json:85,Canada,zgrab_real,test,LOW_OR_MEDIUM
zgrab_587_Canada.json:87,Canada,zgrab_real,test,LOW_OR_MEDIUM
zgrab_587_Canada.json:88,Canada,zgrab_real,test,CRITICAL
zgrab_587_Canada.json:89,Canada,zgrab_real,test,LOW_OR_MEDIUM
zgrab_587_Canada.json:90,Canada,zgrab_real,test,LOW_OR_MEDIUM
zgrab_587_Canada.json:91,Canada,zgrab_real,test,LOW_OR_MEDIUM
zgrab_587_Canada.json:92,Canada,zgrab_real,test,LOW_OR_MEDIUM
zgrab_587_Canada.json:93,Canada,zgrab_real,test,LOW_OR_MEDIUM
zgrab_587_Canada.json:94,Canada,zgrab_real,test,LOW_OR_MEDIUM
zgrab_587_Canada.json:95,Canada,zgrab_real,test,LOW_OR_MEDIUM
zgrab_587_Canada.json:96,Canada,zgrab_real,test,LOW_OR_MEDIUM
zgrab_587_Canada.json:97,Canada,zgrab_real,test,HIGH
zgrab_587_Canada.json:99,Canada,zgrab_real,test,LOW_OR_MEDIUM
zgrab_587_Italy.json:1,Italy,zgrab_real,test,CRITICAL
zgrab_587_Italy.json:2,Italy,zgrab_real,test,CRITICAL
zgrab_587_Italy.json:3,Italy,zgrab_real,test,CRITICAL
zgrab_587_Italy.json:4,Italy,zgrab_real,test,HIGH
zgrab_587_Italy.json:5,Italy,zgrab_real,test,CRITICAL
zgrab_587_Italy.json:6,Italy,zgrab_real,test,CRITICAL
zgrab_587_Italy.json:7,Italy,zgrab_real,test,CRITICAL
zgrab_587_Italy.json:8,Italy,zgrab_real,test,CRITICAL
zgrab_587_Italy.json:9,Italy,zgrab_real,test,CRITICAL
zgrab_587_Italy.json:10,Italy,zgrab_real,test,CRITICAL
zgrab_587_Italy.json:11,Italy,zgrab_real,test,CRITICAL
zgrab_587_Italy.json:12,Italy,zgrab_real,test,CRITICAL
zgrab_587_Italy.json:13,Italy,zgrab_real,test,CRITICAL
zgrab_587_Italy.json:14,Italy,zgrab_real,test,CRITICAL
zgrab_587_Italy.json:15,Italy,zgrab_real,test,CRITICAL
zgrab_587_Italy.json:16,Italy,zgrab_real,test,CRITICAL
zgrab_587_Italy.json:17,Italy,zgrab_real,test,CRITICAL
zgrab_587_Italy.json:18,Italy,zgrab_real,test,CRITICAL
zgrab_587_Italy.json:19,Italy,zgrab_real,test,CRITICAL
zgrab_587_Italy.json:20,Italy,zgrab_real,test,CRITICAL
zgrab_587_Italy.json:21,Italy,zgrab_real,test,CRITICAL
zgrab_587_Italy.json:22,Italy,zgrab_real,test,CRITICAL
zgrab_587_Italy.json:23,Italy,zgrab_real,test,CRITICAL
zgrab_587_Italy.json:24,Italy,zgrab_real,test,CRITICAL
zgrab_587_Italy.json:25,Italy,zgrab_real,test,CRITICAL
zgrab_587_Italy.json:26,Italy,zgrab_real,test,CRITICAL
zgrab_587_Italy.json:27,Italy,zgrab_real,test,CRITICAL
zgrab_587_Italy.json:28,Italy,zgrab_real,test,CRITICAL
zgrab_587_Italy.json:29,Italy,zgrab_real,test,CRITICAL
zgrab_587_Italy.json:30,Italy,zgrab_real,test,CRITICAL
zgrab_587_Italy.json:31,Italy,zgrab_real,test,CRITICAL
zgrab_587_Italy.json:32,Italy,zgrab_real,test,LOW_OR_MEDIUM
zgrab_587_Italy.json:33,Italy,zgrab_real,test,CRITICAL
zgrab_587_Italy.json:34,Italy,zgrab_real,test,CRITICAL
zgrab_587_Italy.json:35,Italy,zgrab_real,test,CRITICAL
zgrab_587_Italy.json:36,Italy,zgrab_real,test,LOW_OR_MEDIUM
zgrab_587_Italy.json:37,Italy,zgrab_real,test,CRITICAL
zgrab_587_Italy.json:38,Italy,zgrab_real,test,CRITICAL
zgrab_587_Italy.json:39,Italy,zgrab_real,test,CRITICAL
zgrab_587_Italy.json:40,Italy,zgrab_real,test,CRITICAL
zgrab_587_Italy.json:41,Italy,zgrab_real,test,CRITICAL
zgrab_587_Italy.json:42,Italy,zgrab_real,test,CRITICAL
zgrab_587_Italy.json:43,Italy,zgrab_real,test,CRITICAL
zgrab_587_Italy.json:44,Italy,zgrab_real,test,LOW_OR_MEDIUM
zgrab_587_Italy.json:45,Italy,zgrab_real,test,LOW_OR_MEDIUM
zgrab_587_Italy.json:46,Italy,zgrab_real,test,LOW_OR_MEDIUM
zgrab_587_Italy.json:47,Italy,zgrab_real,test,CRITICAL
zgrab_587_Italy.json:48,Italy,zgrab_real,test,CRITICAL
zgrab_587_Italy.json:49,Italy,zgrab_real,test,CRITICAL
zgrab_587_Italy.json:50,Italy,zgrab_real,test,HIGH
zgrab_587_Italy.json:51,Italy,zgrab_real,test,CRITICAL
zgrab_587_Italy.json:52,Italy,zgrab_real,test,CRITICAL
zgrab_587_Italy.json:53,Italy,zgrab_real,test,CRITICAL
zgrab_587_Italy.json:54,Italy,zgrab_real,test,CRITICAL
zgrab_587_Italy.json:55,Italy,zgrab_real,test,CRITICAL
zgrab_587_Italy.json:56,Italy,zgrab_real,test,CRITICAL
zgrab_587_Italy.json:57,Italy,zgrab_real,test,CRITICAL
zgrab_587_Italy.json:58,Italy,zgrab_real,test,CRITICAL
zgrab_587_Italy.json:59,Italy,zgrab_real,test,CRITICAL
zgrab_587_Italy.json:60,Italy,zgrab_real,test,CRITICAL
zgrab_587_Italy.json:61,Italy,zgrab_real,test,CRITICAL
zgrab_587_Italy.json:62,Italy,zgrab_real,test,CRITICAL
zgrab_587_Italy.json:63,Italy,zgrab_real,test,CRITICAL
zgrab_587_Italy.json:65,Italy,zgrab_real,test,CRITICAL
zgrab_587_Italy.json:66,Italy,zgrab_real,test,LOW_OR_MEDIUM
zgrab_587_Italy.json:67,Italy,zgrab_real,test,CRITICAL
zgrab_587_Italy.json:68,Italy,zgrab_real,test,LOW_OR_MEDIUM
zgrab_587_Italy.json:69,Italy,zgrab_real,test,HIGH
zgrab_587_Italy.json:70,Italy,zgrab_real,test,LOW_OR_MEDIUM
zgrab_587_Italy.json:71,Italy,zgrab_real,test,CRITICAL
zgrab_587_Italy.json:72,Italy,zgrab_real,test,CRITICAL
zgrab_587_Italy.json:73,Italy,zgrab_real,test,CRITICAL
zgrab_587_Italy.json:74,Italy,zgrab_real,test,CRITICAL
zgrab_587_Italy.json:75,Italy,zgrab_real,test,CRITICAL
zgrab_587_Italy.json:76,Italy,zgrab_real,test,CRITICAL
zgrab_587_Italy.json:77,Italy,zgrab_real,test,CRITICAL
zgrab_587_Italy.json:78,Italy,zgrab_real,test,CRITICAL
zgrab_587_Italy.json:79,Italy,zgrab_real,test,CRITICAL
zgrab_587_Italy.json:80,Italy,zgrab_real,test,CRITICAL
zgrab_587_Italy.json:81,Italy,zgrab_real,test,CRITICAL
zgrab_587_Italy.json:82,Italy,zgrab_real,test,CRITICAL
zgrab_587_Italy.json:83,Italy,zgrab_real,test,CRITICAL
zgrab_587_Italy.json:84,Italy,zgrab_real,test,CRITICAL
zgrab_587_Italy.json:85,Italy,zgrab_real,test,CRITICAL
zgrab_587_Italy.json:86,Italy,zgrab_real,test,CRITICAL
zgrab_587_Italy.json:87,Italy,zgrab_real,test,CRITICAL
zgrab_587_Italy.json:88,Italy,zgrab_real,test,CRITICAL
zgrab_587_Italy.json:89,Italy,zgrab_real,test,CRITICAL
zgrab_587_Italy.json:90,Italy,zgrab_real,test,CRITICAL
zgrab_587_Italy.json:91,Italy,zgrab_real,test,LOW_OR_MEDIUM
zgrab_587_Italy.json:93,Italy,zgrab_real,test,CRITICAL
zgrab_587_Italy.json:94,Italy,zgrab_real,test,CRITICAL
zgrab_587_Italy.json:95,Italy,zgrab_real,test,CRITICAL
zgrab_587_Italy.json:96,Italy,zgrab_real,test,CRITICAL
zgrab_587_Italy.json:97,Italy,zgrab_real,test,CRITICAL
zgrab_587_Italy.json:98,Italy,zgrab_real,test,CRITICAL
zgrab_587_Italy.json:99,Italy,zgrab_real,test,CRITICAL
zgrab_587_Italy.json:100,Italy,zgrab_real,test,CRITICAL
zgrab_587_Japan.json:1,Japan,zgrab_real,train,CRITICAL
zgrab_587_Japan.json:2,Japan,zgrab_real,train,CRITICAL
zgrab_587_Japan.json:3,Japan,zgrab_real,train,CRITICAL
zgrab_587_Japan.json:4,Japan,zgrab_real,train,CRITICAL
zgrab_587_Japan.json:5,Japan,zgrab_real,train,CRITICAL
zgrab_587_Japan.json:6,Japan,zgrab_real,train,CRITICAL
zgrab_587_Japan.json:7,Japan,zgrab_real,train,CRITICAL
zgrab_587_Japan.json:8,Japan,zgrab_real,train,CRITICAL
zgrab_587_Japan.json:9,Japan,zgrab_real,train,CRITICAL
zgrab_587_Japan.json:10,Japan,zgrab_real,train,CRITICAL
zgrab_587_Japan.json:11,Japan,zgrab_real,train,CRITICAL
zgrab_587_Japan.json:12,Japan,zgrab_real,train,CRITICAL
zgrab_587_Japan.json:13,Japan,zgrab_real,train,CRITICAL
zgrab_587_Japan.json:14,Japan,zgrab_real,train,CRITICAL
zgrab_587_Japan.json:15,Japan,zgrab_real,train,HIGH
zgrab_587_Japan.json:16,Japan,zgrab_real,train,LOW_OR_MEDIUM
zgrab_587_Japan.json:17,Japan,zgrab_real,train,CRITICAL
zgrab_587_Japan.json:18,Japan,zgrab_real,train,CRITICAL
zgrab_587_Japan.json:19,Japan,zgrab_real,train,CRITICAL
zgrab_587_Japan.json:20,Japan,zgrab_real,train,CRITICAL
zgrab_587_Japan.json:21,Japan,zgrab_real,train,CRITICAL
zgrab_587_Japan.json:22,Japan,zgrab_real,train,CRITICAL
zgrab_587_Japan.json:23,Japan,zgrab_real,train,CRITICAL
zgrab_587_Japan.json:24,Japan,zgrab_real,train,CRITICAL
zgrab_587_Japan.json:25,Japan,zgrab_real,train,CRITICAL
zgrab_587_Japan.json:26,Japan,zgrab_real,train,CRITICAL
zgrab_587_Japan.json:27,Japan,zgrab_real,train,CRITICAL
zgrab_587_Japan.json:28,Japan,zgrab_real,train,CRITICAL
zgrab_587_Japan.json:29,Japan,zgrab_real,train,CRITICAL
zgrab_587_Japan.json:30,Japan,zgrab_real,train,CRITICAL
zgrab_587_Japan.json:31,Japan,zgrab_real,train,CRITICAL
zgrab_587_Japan.json:32,Japan,zgrab_real,train,CRITICAL
zgrab_587_Japan.json:33,Japan,zgrab_real,train,CRITICAL
zgrab_587_Japan.json:34,Japan,zgrab_real,train,CRITICAL
zgrab_587_Japan.json:35,Japan,zgrab_real,train,CRITICAL
zgrab_587_Japan.json:36,Japan,zgrab_real,train,CRITICAL
zgrab_587_Japan.json:37,Japan,zgrab_real,train,CRITICAL
zgrab_587_Japan.json:38,Japan,zgrab_real,train,CRITICAL
zgrab_587_Japan.json:39,Japan,zgrab_real,train,CRITICAL
zgrab_587_Japan.json:40,Japan,zgrab_real,train,CRITICAL
zgrab_587_Japan.json:41,Japan,zgrab_real,train,CRITICAL
zgrab_587_Japan.json:42,Japan,zgrab_real,train,CRITICAL
zgrab_587_Japan.json:43,Japan,zgrab_real,train,CRITICAL
zgrab_587_Japan.json:44,Japan,zgrab_real,train,CRITICAL
zgrab_587_Japan.json:45,Japan,zgrab_real,train,CRITICAL
zgrab_587_Japan.json:46,Japan,zgrab_real,train,CRITICAL
zgrab_587_Japan.json:47,Japan,zgrab_real,train,CRITICAL
zgrab_587_Japan.json:48,Japan,zgrab_real,train,CRITICAL
zgrab_587_Japan.json:49,Japan,zgrab_real,train,CRITICAL
zgrab_587_Japan.json:50,Japan,zgrab_real,train,CRITICAL
zgrab_587_Japan.json:51,Japan,zgrab_real,train,CRITICAL
zgrab_587_Japan.json:52,Japan,zgrab_real,train,CRITICAL
zgrab_587_Japan.json:53,Japan,zgrab_real,train,CRITICAL
zgrab_587_Japan.json:54,Japan,zgrab_real,train,CRITICAL
zgrab_587_Japan.json:55,Japan,zgrab_real,train,CRITICAL
zgrab_587_Japan.json:56,Japan,zgrab_real,train,CRITICAL
zgrab_587_Japan.json:57,Japan,zgrab_real,train,CRITICAL
zgrab_587_Japan.json:58,Japan,zgrab_real,train,CRITICAL
zgrab_587_Japan.json:59,Japan,zgrab_real,train,CRITICAL
zgrab_587_Japan.json:60,Japan,zgrab_real,train,CRITICAL
zgrab_587_Japan.json:61,Japan,zgrab_real,train,CRITICAL
zgrab_587_Japan.json:62,Japan,zgrab_real,train,CRITICAL
zgrab_587_Japan.json:63,Japan,zgrab_real,train,CRITICAL
zgrab_587_Japan.json:64,Japan,zgrab_real,train,CRITICAL
zgrab_587_Japan.json:65,Japan,zgrab_real,train,CRITICAL
zgrab_587_Japan.json:66,Japan,zgrab_real,train,CRITICAL
zgrab_587_Japan.json:67,Japan,zgrab_real,train,CRITICAL
zgrab_587_Japan.json:68,Japan,zgrab_real,train,CRITICAL
zgrab_587_Japan.json:69,Japan,zgrab_real,train,CRITICAL
zgrab_587_Japan.json:70,Japan,zgrab_real,train,CRITICAL
zgrab_587_Japan.json:71,Japan,zgrab_real,train,CRITICAL
zgrab_587_Japan.json:72,Japan,zgrab_real,train,CRITICAL
zgrab_587_Japan.json:73,Japan,zgrab_real,train,CRITICAL
zgrab_587_Japan.json:74,Japan,zgrab_real,train,CRITICAL
zgrab_587_Japan.json:75,Japan,zgrab_real,train,CRITICAL
zgrab_587_Japan.json:76,Japan,zgrab_real,train,CRITICAL
zgrab_587_Japan.json:77,Japan,zgrab_real,train,CRITICAL
zgrab_587_Japan.json:78,Japan,zgrab_real,train,CRITICAL
zgrab_587_Japan.json:79,Japan,zgrab_real,train,CRITICAL
zgrab_587_Japan.json:80,Japan,zgrab_real,train,CRITICAL
zgrab_587_Japan.json:81,Japan,zgrab_real,train,CRITICAL
zgrab_587_Japan.json:82,Japan,zgrab_real,train,CRITICAL
zgrab_587_Japan.json:83,Japan,zgrab_real,train,CRITICAL
zgrab_587_Japan.json:84,Japan,zgrab_real,train,CRITICAL
zgrab_587_Japan.json:85,Japan,zgrab_real,train,CRITICAL
zgrab_587_Japan.json:86,Japan,zgrab_real,train,CRITICAL
zgrab_587_Japan.json:87,Japan,zgrab_real,train,CRITICAL
zgrab_587_Japan.json:88,Japan,zgrab_real,train,CRITICAL
zgrab_587_Japan.json:89,Japan,zgrab_real,train,CRITICAL
zgrab_587_Japan.json:90,Japan,zgrab_real,train,CRITICAL
zgrab_587_Japan.json:91,Japan,zgrab_real,train,CRITICAL
zgrab_587_Japan.json:92,Japan,zgrab_real,train,CRITICAL
zgrab_587_Japan.json:93,Japan,zgrab_real,train,CRITICAL
zgrab_587_Japan.json:94,Japan,zgrab_real,train,CRITICAL
zgrab_587_Japan.json:95,Japan,zgrab_real,train,CRITICAL
zgrab_587_Japan.json:96,Japan,zgrab_real,train,CRITICAL
zgrab_587_Japan.json:97,Japan,zgrab_real,train,CRITICAL
zgrab_587_Japan.json:98,Japan,zgrab_real,train,CRITICAL
zgrab_587_Japan.json:99,Japan,zgrab_real,train,CRITICAL
zgrab_587_Japan.json:100,Japan,zgrab_real,train,CRITICAL
zgrab_587_Mexico.json:1,Mexico,zgrab_real,train,CRITICAL
zgrab_587_Mexico.json:2,Mexico,zgrab_real,train,HIGH
zgrab_587_Mexico.json:3,Mexico,zgrab_real,train,HIGH
zgrab_587_Mexico.json:4,Mexico,zgrab_real,train,CRITICAL
zgrab_587_Mexico.json:5,Mexico,zgrab_real,train,CRITICAL
zgrab_587_Mexico.json:8,Mexico,zgrab_real,train,HIGH
zgrab_587_Mexico.json:9,Mexico,zgrab_real,train,CRITICAL
zgrab_587_Mexico.json:10,Mexico,zgrab_real,train,CRITICAL
zgrab_587_Mexico.json:11,Mexico,zgrab_real,train,LOW_OR_MEDIUM
zgrab_587_Mexico.json:12,Mexico,zgrab_real,train,CRITICAL
zgrab_587_Mexico.json:14,Mexico,zgrab_real,train,CRITICAL
zgrab_587_Mexico.json:15,Mexico,zgrab_real,train,CRITICAL
zgrab_587_Mexico.json:16,Mexico,zgrab_real,train,CRITICAL
zgrab_587_Mexico.json:17,Mexico,zgrab_real,train,LOW_OR_MEDIUM
zgrab_587_Mexico.json:18,Mexico,zgrab_real,train,CRITICAL
zgrab_587_Mexico.json:19,Mexico,zgrab_real,train,CRITICAL
zgrab_587_Mexico.json:20,Mexico,zgrab_real,train,CRITICAL
zgrab_587_Mexico.json:21,Mexico,zgrab_real,train,CRITICAL
zgrab_587_Mexico.json:22,Mexico,zgrab_real,train,CRITICAL
zgrab_587_Mexico.json:23,Mexico,zgrab_real,train,CRITICAL
zgrab_587_Mexico.json:24,Mexico,zgrab_real,train,CRITICAL
zgrab_587_Mexico.json:25,Mexico,zgrab_real,train,CRITICAL
zgrab_587_Mexico.json:26,Mexico,zgrab_real,train,CRITICAL
zgrab_587_Mexico.json:27,Mexico,zgrab_real,train,CRITICAL
zgrab_587_Mexico.json:28,Mexico,zgrab_real,train,HIGH
zgrab_587_Mexico.json:29,Mexico,zgrab_real,train,CRITICAL
zgrab_587_Mexico.json:32,Mexico,zgrab_real,train,LOW_OR_MEDIUM
zgrab_587_Mexico.json:33,Mexico,zgrab_real,train,LOW_OR_MEDIUM
zgrab_587_Mexico.json:34,Mexico,zgrab_real,train,LOW_OR_MEDIUM
zgrab_587_Mexico.json:35,Mexico,zgrab_real,train,CRITICAL
zgrab_587_Mexico.json:37,Mexico,zgrab_real,train,LOW_OR_MEDIUM
zgrab_587_Mexico.json:38,Mexico,zgrab_real,train,LOW_OR_MEDIUM
zgrab_587_Mexico.json:39,Mexico,zgrab_real,train,LOW_OR_MEDIUM
zgrab_587_Mexico.json:40,Mexico,zgrab_real,train,LOW_OR_MEDIUM
zgrab_587_Mexico.json:41,Mexico,zgrab_real,train,LOW_OR_MEDIUM
zgrab_587_Mexico.json:42,Mexico,zgrab_real,train,LOW_OR_MEDIUM
zgrab_587_Mexico.json:43,Mexico,zgrab_real,train,LOW_OR_MEDIUM
zgrab_587_Mexico.json:44,Mexico,zgrab_real,train,CRITICAL
zgrab_587_Mexico.json:45,Mexico,zgrab_real,train,CRITICAL
zgrab_587_Mexico.json:46,Mexico,zgrab_real,train,CRITICAL
zgrab_587_Mexico.json:49,Mexico,zgrab_real,train,CRITICAL
zgrab_587_Mexico.json:50,Mexico,zgrab_real,train,CRITICAL
zgrab_587_Mexico.json:51,Mexico,zgrab_real,train,CRITICAL
zgrab_587_Mexico.json:52,Mexico,zgrab_real,train,CRITICAL
zgrab_587_Mexico.json:53,Mexico,zgrab_real,train,CRITICAL
zgrab_587_Mexico.json:54,Mexico,zgrab_real,train,CRITICAL
zgrab_587_Mexico.json:55,Mexico,zgrab_real,train,LOW_OR_MEDIUM
zgrab_587_Mexico.json:58,Mexico,zgrab_real,train,CRITICAL
zgrab_587_Mexico.json:59,Mexico,zgrab_real,train,CRITICAL
zgrab_587_Mexico.json:61,Mexico,zgrab_real,train,CRITICAL
zgrab_587_Mexico.json:63,Mexico,zgrab_real,train,CRITICAL
zgrab_587_Mexico.json:65,Mexico,zgrab_real,train,CRITICAL
zgrab_587_Mexico.json:67,Mexico,zgrab_real,train,LOW_OR_MEDIUM
zgrab_587_Mexico.json:68,Mexico,zgrab_real,train,CRITICAL
zgrab_587_Mexico.json:69,Mexico,zgrab_real,train,CRITICAL
zgrab_587_Mexico.json:70,Mexico,zgrab_real,train,LOW_OR_MEDIUM
zgrab_587_Mexico.json:71,Mexico,zgrab_real,train,LOW_OR_MEDIUM
zgrab_587_Mexico.json:72,Mexico,zgrab_real,train,LOW_OR_MEDIUM
zgrab_587_Mexico.json:73,Mexico,zgrab_real,train,LOW_OR_MEDIUM
zgrab_587_Mexico.json:74,Mexico,zgrab_real,train,LOW_OR_MEDIUM
zgrab_587_Mexico.json:75,Mexico,zgrab_real,train,LOW_OR_MEDIUM
zgrab_587_Mexico.json:76,Mexico,zgrab_real,train,LOW_OR_MEDIUM
zgrab_587_Mexico.json:77,Mexico,zgrab_real,train,LOW_OR_MEDIUM
zgrab_587_Mexico.json:78,Mexico,zgrab_real,train,LOW_OR_MEDIUM
zgrab_587_Mexico.json:79,Mexico,zgrab_real,train,LOW_OR_MEDIUM
zgrab_587_Mexico.json:80,Mexico,zgrab_real,train,LOW_OR_MEDIUM
zgrab_587_Mexico.json:81,Mexico,zgrab_real,train,LOW_OR_MEDIUM
zgrab_587_Mexico.json:82,Mexico,zgrab_real,train,LOW_OR_MEDIUM
zgrab_587_Mexico.json:83,Mexico,zgrab_real,train,LOW_OR_MEDIUM
zgrab_587_Mexico.json:84,Mexico,zgrab_real,train,LOW_OR_MEDIUM
zgrab_587_Mexico.json:85,Mexico,zgrab_real,train,LOW_OR_MEDIUM
zgrab_587_Mexico.json:86,Mexico,zgrab_real,train,LOW_OR_MEDIUM
zgrab_587_Mexico.json:87,Mexico,zgrab_real,train,LOW_OR_MEDIUM
zgrab_587_Mexico.json:88,Mexico,zgrab_real,train,LOW_OR_MEDIUM
zgrab_587_Mexico.json:89,Mexico,zgrab_real,train,LOW_OR_MEDIUM
zgrab_587_Mexico.json:90,Mexico,zgrab_real,train,LOW_OR_MEDIUM
zgrab_587_Mexico.json:91,Mexico,zgrab_real,train,LOW_OR_MEDIUM
zgrab_587_Mexico.json:92,Mexico,zgrab_real,train,LOW_OR_MEDIUM
zgrab_587_Mexico.json:93,Mexico,zgrab_real,train,LOW_OR_MEDIUM
zgrab_587_Mexico.json:94,Mexico,zgrab_real,train,LOW_OR_MEDIUM
zgrab_587_Mexico.json:95,Mexico,zgrab_real,train,LOW_OR_MEDIUM
zgrab_587_Mexico.json:96,Mexico,zgrab_real,train,LOW_OR_MEDIUM
zgrab_587_Mexico.json:97,Mexico,zgrab_real,train,LOW_OR_MEDIUM
zgrab_587_Mexico.json:98,Mexico,zgrab_real,train,LOW_OR_MEDIUM
zgrab_587_Mexico.json:99,Mexico,zgrab_real,train,LOW_OR_MEDIUM
zgrab_587_Mexico.json:100,Mexico,zgrab_real,train,LOW_OR_MEDIUM
zgrab_587_Singapore.json:1,Singapore,zgrab_real,train,CRITICAL
zgrab_587_Singapore.json:2,Singapore,zgrab_real,train,CRITICAL
zgrab_587_Singapore.json:3,Singapore,zgrab_real,train,CRITICAL
zgrab_587_Singapore.json:4,Singapore,zgrab_real,train,CRITICAL
zgrab_587_Singapore.json:5,Singapore,zgrab_real,train,CRITICAL
zgrab_587_Singapore.json:6,Singapore,zgrab_real,train,CRITICAL
zgrab_587_Singapore.json:7,Singapore,zgrab_real,train,CRITICAL
zgrab_587_Singapore.json:8,Singapore,zgrab_real,train,CRITICAL
zgrab_587_Singapore.json:9,Singapore,zgrab_real,train,CRITICAL
zgrab_587_Singapore.json:10,Singapore,zgrab_real,train,CRITICAL
zgrab_587_Singapore.json:11,Singapore,zgrab_real,train,CRITICAL
zgrab_587_Singapore.json:12,Singapore,zgrab_real,train,CRITICAL
zgrab_587_Singapore.json:13,Singapore,zgrab_real,train,CRITICAL
zgrab_587_Singapore.json:14,Singapore,zgrab_real,train,CRITICAL
zgrab_587_Singapore.json:15,Singapore,zgrab_real,train,LOW_OR_MEDIUM
zgrab_587_Singapore.json:16,Singapore,zgrab_real,train,CRITICAL
zgrab_587_Singapore.json:17,Singapore,zgrab_real,train,CRITICAL
zgrab_587_Singapore.json:18,Singapore,zgrab_real,train,CRITICAL
zgrab_587_Singapore.json:19,Singapore,zgrab_real,train,CRITICAL
zgrab_587_Singapore.json:20,Singapore,zgrab_real,train,CRITICAL
zgrab_587_Singapore.json:21,Singapore,zgrab_real,train,HIGH
zgrab_587_Singapore.json:22,Singapore,zgrab_real,train,HIGH
zgrab_587_Singapore.json:23,Singapore,zgrab_real,train,HIGH
zgrab_587_Singapore.json:24,Singapore,zgrab_real,train,HIGH
zgrab_587_Singapore.json:25,Singapore,zgrab_real,train,CRITICAL
zgrab_587_Singapore.json:26,Singapore,zgrab_real,train,CRITICAL
zgrab_587_Singapore.json:27,Singapore,zgrab_real,train,CRITICAL
zgrab_587_Singapore.json:28,Singapore,zgrab_real,train,CRITICAL
zgrab_587_Singapore.json:29,Singapore,zgrab_real,train,CRITICAL
zgrab_587_Singapore.json:30,Singapore,zgrab_real,train,CRITICAL
zgrab_587_Singapore.json:32,Singapore,zgrab_real,train,CRITICAL
zgrab_587_Singapore.json:33,Singapore,zgrab_real,train,LOW_OR_MEDIUM
zgrab_587_Singapore.json:34,Singapore,zgrab_real,train,CRITICAL
zgrab_587_Singapore.json:35,Singapore,zgrab_real,train,LOW_OR_MEDIUM
zgrab_587_Singapore.json:36,Singapore,zgrab_real,train,LOW_OR_MEDIUM
zgrab_587_Singapore.json:37,Singapore,zgrab_real,train,LOW_OR_MEDIUM
zgrab_587_Singapore.json:38,Singapore,zgrab_real,train,CRITICAL
zgrab_587_Singapore.json:39,Singapore,zgrab_real,train,LOW_OR_MEDIUM
zgrab_587_Singapore.json:40,Singapore,zgrab_real,train,LOW_OR_MEDIUM
zgrab_587_Singapore.json:41,Singapore,zgrab_real,train,LOW_OR_MEDIUM
zgrab_587_Singapore.json:42,Singapore,zgrab_real,train,LOW_OR_MEDIUM
zgrab_587_Singapore.json:43,Singapore,zgrab_real,train,LOW_OR_MEDIUM
zgrab_587_Singapore.json:44,Singapore,zgrab_real,train,LOW_OR_MEDIUM
zgrab_587_Singapore.json:45,Singapore,zgrab_real,train,CRITICAL
zgrab_587_Singapore.json:46,Singapore,zgrab_real,train,LOW_OR_MEDIUM
zgrab_587_Singapore.json:47,Singapore,zgrab_real,train,LOW_OR_MEDIUM
zgrab_587_Singapore.json:48,Singapore,zgrab_real,train,LOW_OR_MEDIUM
zgrab_587_Singapore.json:49,Singapore,zgrab_real,train,LOW_OR_MEDIUM
zgrab_587_Singapore.json:50,Singapore,zgrab_real,train,LOW_OR_MEDIUM
zgrab_587_Singapore.json:51,Singapore,zgrab_real,train,LOW_OR_MEDIUM
zgrab_587_Singapore.json:52,Singapore,zgrab_real,train,LOW_OR_MEDIUM
zgrab_587_Singapore.json:53,Singapore,zgrab_real,train,LOW_OR_MEDIUM
zgrab_587_Singapore.json:54,Singapore,zgrab_real,train,LOW_OR_MEDIUM
zgrab_587_Singapore.json:55,Singapore,zgrab_real,train,LOW_OR_MEDIUM
zgrab_587_Singapore.json:56,Singapore,zgrab_real,train,CRITICAL
zgrab_587_Singapore.json:57,Singapore,zgrab_real,train,HIGH
zgrab_587_Singapore.json:58,Singapore,zgrab_real,train,CRITICAL
zgrab_587_Singapore.json:59,Singapore,zgrab_real,train,HIGH
zgrab_587_Singapore.json:60,Singapore,zgrab_real,train,LOW_OR_MEDIUM
zgrab_587_Singapore.json:61,Singapore,zgrab_real,train,CRITICAL
zgrab_587_Singapore.json:62,Singapore,zgrab_real,train,HIGH
zgrab_587_Singapore.json:63,Singapore,zgrab_real,train,CRITICAL
zgrab_587_Singapore.json:64,Singapore,zgrab_real,train,LOW_OR_MEDIUM
zgrab_587_Singapore.json:65,Singapore,zgrab_real,train,LOW_OR_MEDIUM
zgrab_587_Singapore.json:66,Singapore,zgrab_real,train,LOW_OR_MEDIUM
zgrab_587_Singapore.json:67,Singapore,zgrab_real,train,LOW_OR_MEDIUM
zgrab_587_Singapore.json:68,Singapore,zgrab_real,train,LOW_OR_MEDIUM
zgrab_587_Singapore.json:69,Singapore,zgrab_real,train,LOW_OR_MEDIUM
zgrab_587_Singapore.json:70,Singapore,zgrab_real,train,LOW_OR_MEDIUM
zgrab_587_Singapore.json:71,Singapore,zgrab_real,train,LOW_OR_MEDIUM
zgrab_587_Singapore.json:73,Singapore,zgrab_real,train,LOW_OR_MEDIUM
zgrab_587_Singapore.json:74,Singapore,zgrab_real,train,CRITICAL
zgrab_587_Singapore.json:75,Singapore,zgrab_real,train,LOW_OR_MEDIUM
zgrab_587_Singapore.json:76,Singapore,zgrab_real,train,LOW_OR_MEDIUM
zgrab_587_Singapore.json:77,Singapore,zgrab_real,train,LOW_OR_MEDIUM
zgrab_587_Singapore.json:78,Singapore,zgrab_real,train,LOW_OR_MEDIUM
zgrab_587_Singapore.json:79,Singapore,zgrab_real,train,LOW_OR_MEDIUM
zgrab_587_Singapore.json:80,Singapore,zgrab_real,train,LOW_OR_MEDIUM
zgrab_587_Singapore.json:81,Singapore,zgrab_real,train,LOW_OR_MEDIUM
zgrab_587_Singapore.json:82,Singapore,zgrab_real,train,LOW_OR_MEDIUM
zgrab_587_Singapore.json:83,Singapore,zgrab_real,train,LOW_OR_MEDIUM
zgrab_587_Singapore.json:84,Singapore,zgrab_real,train,LOW_OR_MEDIUM
zgrab_587_Singapore.json:85,Singapore,zgrab_real,train,LOW_OR_MEDIUM
zgrab_587_Singapore.json:86,Singapore,zgrab_real,train,CRITICAL
zgrab_587_Singapore.json:87,Singapore,zgrab_real,train,CRITICAL
zgrab_587_Singapore.json:88,Singapore,zgrab_real,train,LOW_OR_MEDIUM
zgrab_587_Singapore.json:89,Singapore,zgrab_real,train,LOW_OR_MEDIUM
zgrab_587_Singapore.json:90,Singapore,zgrab_real,train,LOW_OR_MEDIUM
zgrab_587_Singapore.json:91,Singapore,zgrab_real,train,LOW_OR_MEDIUM
zgrab_587_Singapore.json:92,Singapore,zgrab_real,train,LOW_OR_MEDIUM
zgrab_587_Singapore.json:93,Singapore,zgrab_real,train,LOW_OR_MEDIUM
zgrab_587_Singapore.json:94,Singapore,zgrab_real,train,LOW_OR_MEDIUM
zgrab_587_Singapore.json:95,Singapore,zgrab_real,train,LOW_OR_MEDIUM
zgrab_587_Singapore.json:96,Singapore,zgrab_real,train,LOW_OR_MEDIUM
zgrab_587_Singapore.json:98,Singapore,zgrab_real,train,LOW_OR_MEDIUM
zgrab_587_Singapore.json:99,Singapore,zgrab_real,train,LOW_OR_MEDIUM
zgrab_587_Singapore.json:100,Singapore,zgrab_real,train,LOW_OR_MEDIUM
zgrab_587_South_Korea.json:1,South_Korea,zgrab_real,test,CRITICAL
zgrab_587_South_Korea.json:2,South_Korea,zgrab_real,test,CRITICAL
zgrab_587_South_Korea.json:3,South_Korea,zgrab_real,test,CRITICAL
zgrab_587_South_Korea.json:4,South_Korea,zgrab_real,test,CRITICAL
zgrab_587_South_Korea.json:5,South_Korea,zgrab_real,test,CRITICAL
zgrab_587_South_Korea.json:6,South_Korea,zgrab_real,test,CRITICAL
zgrab_587_South_Korea.json:7,South_Korea,zgrab_real,test,CRITICAL
zgrab_587_South_Korea.json:8,South_Korea,zgrab_real,test,CRITICAL
zgrab_587_South_Korea.json:9,South_Korea,zgrab_real,test,CRITICAL
zgrab_587_South_Korea.json:10,South_Korea,zgrab_real,test,LOW_OR_MEDIUM
zgrab_587_South_Korea.json:11,South_Korea,zgrab_real,test,CRITICAL
zgrab_587_South_Korea.json:12,South_Korea,zgrab_real,test,CRITICAL
zgrab_587_South_Korea.json:13,South_Korea,zgrab_real,test,CRITICAL
zgrab_587_South_Korea.json:14,South_Korea,zgrab_real,test,CRITICAL
zgrab_587_South_Korea.json:15,South_Korea,zgrab_real,test,CRITICAL
zgrab_587_South_Korea.json:16,South_Korea,zgrab_real,test,CRITICAL
zgrab_587_South_Korea.json:17,South_Korea,zgrab_real,test,CRITICAL
zgrab_587_South_Korea.json:18,South_Korea,zgrab_real,test,CRITICAL
zgrab_587_South_Korea.json:19,South_Korea,zgrab_real,test,CRITICAL
zgrab_587_South_Korea.json:20,South_Korea,zgrab_real,test,CRITICAL
zgrab_587_South_Korea.json:21,South_Korea,zgrab_real,test,CRITICAL
zgrab_587_South_Korea.json:22,South_Korea,zgrab_real,test,CRITICAL
zgrab_587_South_Korea.json:23,South_Korea,zgrab_real,test,CRITICAL
zgrab_587_South_Korea.json:24,South_Korea,zgrab_real,test,CRITICAL
zgrab_587_South_Korea.json:25,South_Korea,zgrab_real,test,CRITICAL
zgrab_587_South_Korea.json:26,South_Korea,zgrab_real,test,CRITICAL
zgrab_587_South_Korea.json:27,South_Korea,zgrab_real,test,CRITICAL
zgrab_587_South_Korea.json:28,South_Korea,zgrab_real,test,CRITICAL
zgrab_587_South_Korea.json:29,South_Korea,zgrab_real,test,CRITICAL
zgrab_587_South_Korea.json:30,South_Korea,zgrab_real,test,CRITICAL
zgrab_587_South_Korea.json:31,South_Korea,zgrab_real,test,CRITICAL
zgrab_587_South_Korea.json:32,South_Korea,zgrab_real,test,CRITICAL
zgrab_587_South_Korea.json:33,South_Korea,zgrab_real,test,CRITICAL
zgrab_587_South_Korea.json:34,South_Korea,zgrab_real,test,CRITICAL
zgrab_587_South_Korea.json:35,South_Korea,zgrab_real,test,CRITICAL
zgrab_587_South_Korea.json:36,South_Korea,zgrab_real,test,CRITICAL
zgrab_587_South_Korea.json:37,South_Korea,zgrab_real,test,CRITICAL
zgrab_587_South_Korea.json:38,South_Korea,zgrab_real,test,CRITICAL
zgrab_587_South_Korea.json:39,South_Korea,zgrab_real,test,CRITICAL
zgrab_587_South_Korea.json:40,South_Korea,zgrab_real,test,CRITICAL
zgrab_587_South_Korea.json:41,South_Korea,zgrab_real,test,CRITICAL
zgrab_587_South_Korea.json:42,South_Korea,zgrab_real,test,CRITICAL
zgrab_587_South_Korea.json:43,South_Korea,zgrab_real,test,CRITICAL
zgrab_587_South_Korea.json:44,South_Korea,zgrab_real,test,CRITICAL
zgrab_587_South_Korea.json:45,South_Korea,zgrab_real,test,CRITICAL
zgrab_587_South_Korea.json:46,South_Korea,zgrab_real,test,CRITICAL
zgrab_587_South_Korea.json:47,South_Korea,zgrab_real,test,CRITICAL
zgrab_587_South_Korea.json:48,South_Korea,zgrab_real,test,CRITICAL
zgrab_587_South_Korea.json:49,South_Korea,zgrab_real,test,CRITICAL
zgrab_587_South_Korea.json:50,South_Korea,zgrab_real,test,CRITICAL
zgrab_587_South_Korea.json:51,South_Korea,zgrab_real,test,CRITICAL
zgrab_587_South_Korea.json:52,South_Korea,zgrab_real,test,CRITICAL
zgrab_587_South_Korea.json:53,South_Korea,zgrab_real,test,CRITICAL
zgrab_587_South_Korea.json:54,South_Korea,zgrab_real,test,CRITICAL
zgrab_587_South_Korea.json:55,South_Korea,zgrab_real,test,CRITICAL
zgrab_587_South_Korea.json:56,South_Korea,zgrab_real,test,CRITICAL
zgrab_587_South_Korea.json:57,South_Korea,zgrab_real,test,CRITICAL
zgrab_587_South_Korea.json:58,South_Korea,zgrab_real,test,CRITICAL
zgrab_587_South_Korea.json:59,South_Korea,zgrab_real,test,CRITICAL
zgrab_587_South_Korea.json:60,South_Korea,zgrab_real,test,CRITICAL
zgrab_587_South_Korea.json:61,South_Korea,zgrab_real,test,CRITICAL
zgrab_587_South_Korea.json:62,South_Korea,zgrab_real,test,CRITICAL
zgrab_587_South_Korea.json:63,South_Korea,zgrab_real,test,CRITICAL
zgrab_587_South_Korea.json:64,South_Korea,zgrab_real,test,CRITICAL
zgrab_587_South_Korea.json:65,South_Korea,zgrab_real,test,CRITICAL
zgrab_587_South_Korea.json:66,South_Korea,zgrab_real,test,CRITICAL
zgrab_587_South_Korea.json:67,South_Korea,zgrab_real,test,CRITICAL
zgrab_587_South_Korea.json:68,South_Korea,zgrab_real,test,CRITICAL
zgrab_587_South_Korea.json:69,South_Korea,zgrab_real,test,CRITICAL
zgrab_587_South_Korea.json:70,South_Korea,zgrab_real,test,CRITICAL
zgrab_587_South_Korea.json:71,South_Korea,zgrab_real,test,CRITICAL
zgrab_587_South_Korea.json:72,South_Korea,zgrab_real,test,CRITICAL
zgrab_587_South_Korea.json:73,South_Korea,zgrab_real,test,CRITICAL
zgrab_587_South_Korea.json:74,South_Korea,zgrab_real,test,CRITICAL
zgrab_587_South_Korea.json:75,South_Korea,zgrab_real,test,CRITICAL
zgrab_587_South_Korea.json:76,South_Korea,zgrab_real,test,CRITICAL
zgrab_587_South_Korea.json:77,South_Korea,zgrab_real,test,CRITICAL
zgrab_587_South_Korea.json:78,South_Korea,zgrab_real,test,CRITICAL
zgrab_587_South_Korea.json:79,South_Korea,zgrab_real,test,CRITICAL
zgrab_587_South_Korea.json:80,South_Korea,zgrab_real,test,CRITICAL
zgrab_587_South_Korea.json:81,South_Korea,zgrab_real,test,CRITICAL
zgrab_587_South_Korea.json:82,South_Korea,zgrab_real,test,CRITICAL
zgrab_587_South_Korea.json:84,South_Korea,zgrab_real,test,CRITICAL
zgrab_587_South_Korea.json:85,South_Korea,zgrab_real,test,CRITICAL
zgrab_587_South_Korea.json:86,South_Korea,zgrab_real,test,CRITICAL
zgrab_587_South_Korea.json:87,South_Korea,zgrab_real,test,CRITICAL
zgrab_587_South_Korea.json:88,South_Korea,zgrab_real,test,CRITICAL
zgrab_587_South_Korea.json:89,South_Korea,zgrab_real,test,CRITICAL
zgrab_587_South_Korea.json:90,South_Korea,zgrab_real,test,HIGH
zgrab_587_South_Korea.json:91,South_Korea,zgrab_real,test,HIGH
zgrab_587_South_Korea.json:92,South_Korea,zgrab_real,test,HIGH
zgrab_587_South_Korea.json:93,South_Korea,zgrab_real,test,CRITICAL
zgrab_587_South_Korea.json:94,South_Korea,zgrab_real,test,CRITICAL
zgrab_587_South_Korea.json:95,South_Korea,zgrab_real,test,HIGH
zgrab_587_South_Korea.json:96,South_Korea,zgrab_real,test,HIGH
zgrab_587_South_Korea.json:97,South_Korea,zgrab_real,test,CRITICAL
zgrab_587_South_Korea.json:98,South_Korea,zgrab_real,test,CRITICAL
zgrab_587_South_Korea.json:99,South_Korea,zgrab_real,test,LOW_OR_MEDIUM
zgrab_587_South_Korea.json:100,South_Korea,zgrab_real,test,CRITICAL
zgrab_587_Spain.json:1,Spain,zgrab_real,test,CRITICAL
zgrab_587_Spain.json:2,Spain,zgrab_real,test,CRITICAL
zgrab_587_Spain.json:4,Spain,zgrab_real,test,CRITICAL
zgrab_587_Spain.json:5,Spain,zgrab_real,test,CRITICAL
zgrab_587_Spain.json:6,Spain,zgrab_real,test,CRITICAL
zgrab_587_Spain.json:7,Spain,zgrab_real,test,CRITICAL
zgrab_587_Spain.json:8,Spain,zgrab_real,test,CRITICAL
zgrab_587_Spain.json:9,Spain,zgrab_real,test,CRITICAL
zgrab_587_Spain.json:10,Spain,zgrab_real,test,CRITICAL
zgrab_587_Spain.json:11,Spain,zgrab_real,test,CRITICAL
zgrab_587_Spain.json:12,Spain,zgrab_real,test,CRITICAL
zgrab_587_Spain.json:13,Spain,zgrab_real,test,CRITICAL
zgrab_587_Spain.json:14,Spain,zgrab_real,test,CRITICAL
zgrab_587_Spain.json:15,Spain,zgrab_real,test,CRITICAL
zgrab_587_Spain.json:16,Spain,zgrab_real,test,CRITICAL
zgrab_587_Spain.json:17,Spain,zgrab_real,test,CRITICAL
zgrab_587_Spain.json:18,Spain,zgrab_real,test,CRITICAL
zgrab_587_Spain.json:19,Spain,zgrab_real,test,CRITICAL
zgrab_587_Spain.json:20,Spain,zgrab_real,test,CRITICAL
zgrab_587_Spain.json:21,Spain,zgrab_real,test,CRITICAL
zgrab_587_Spain.json:22,Spain,zgrab_real,test,CRITICAL
zgrab_587_Spain.json:23,Spain,zgrab_real,test,CRITICAL
zgrab_587_Spain.json:24,Spain,zgrab_real,test,CRITICAL
zgrab_587_Spain.json:25,Spain,zgrab_real,test,CRITICAL
zgrab_587_Spain.json:26,Spain,zgrab_real,test,CRITICAL
zgrab_587_Spain.json:27,Spain,zgrab_real,test,CRITICAL
zgrab_587_Spain.json:28,Spain,zgrab_real,test,CRITICAL
zgrab_587_Spain.json:29,Spain,zgrab_real,test,CRITICAL
zgrab_587_Spain.json:30,Spain,zgrab_real,test,CRITICAL
zgrab_587_Spain.json:31,Spain,zgrab_real,test,CRITICAL
zgrab_587_Spain.json:32,Spain,zgrab_real,test,LOW_OR_MEDIUM
zgrab_587_Spain.json:33,Spain,zgrab_real,test,CRITICAL
zgrab_587_Spain.json:36,Spain,zgrab_real,test,CRITICAL
zgrab_587_Spain.json:37,Spain,zgrab_real,test,CRITICAL
zgrab_587_Spain.json:38,Spain,zgrab_real,test,CRITICAL
zgrab_587_Spain.json:40,Spain,zgrab_real,test,LOW_OR_MEDIUM
zgrab_587_Spain.json:41,Spain,zgrab_real,test,LOW_OR_MEDIUM
zgrab_587_Spain.json:42,Spain,zgrab_real,test,LOW_OR_MEDIUM
zgrab_587_Spain.json:43,Spain,zgrab_real,test,LOW_OR_MEDIUM
zgrab_587_Spain.json:44,Spain,zgrab_real,test,CRITICAL
zgrab_587_Spain.json:45,Spain,zgrab_real,test,CRITICAL
zgrab_587_Spain.json:46,Spain,zgrab_real,test,HIGH
zgrab_587_Spain.json:47,Spain,zgrab_real,test,LOW_OR_MEDIUM
zgrab_587_Spain.json:48,Spain,zgrab_real,test,LOW_OR_MEDIUM
zgrab_587_Spain.json:49,Spain,zgrab_real,test,CRITICAL
zgrab_587_Spain.json:50,Spain,zgrab_real,test,CRITICAL
zgrab_587_Spain.json:51,Spain,zgrab_real,test,CRITICAL
zgrab_587_Spain.json:52,Spain,zgrab_real,test,CRITICAL
zgrab_587_Spain.json:53,Spain,zgrab_real,test,CRITICAL
zgrab_587_Spain.json:55,Spain,zgrab_real,test,CRITICAL
zgrab_587_Spain.json:56,Spain,zgrab_real,test,CRITICAL
zgrab_587_Spain.json:57,Spain,zgrab_real,test,LOW_OR_MEDIUM
zgrab_587_Spain.json:58,Spain,zgrab_real,test,CRITICAL
zgrab_587_Spain.json:59,Spain,zgrab_real,test,CRITICAL
zgrab_587_Spain.json:60,Spain,zgrab_real,test,LOW_OR_MEDIUM
zgrab_587_Spain.json:61,Spain,zgrab_real,test,LOW_OR_MEDIUM
zgrab_587_Spain.json:62,Spain,zgrab_real,test,CRITICAL
zgrab_587_Spain.json:63,Spain,zgrab_real,test,CRITICAL
zgrab_587_Spain.json:64,Spain,zgrab_real,test,LOW_OR_MEDIUM
zgrab_587_Spain.json:65,Spain,zgrab_real,test,HIGH
zgrab_587_Spain.json:66,Spain,zgrab_real,test,CRITICAL
zgrab_587_Spain.json:67,Spain,zgrab_real,test,CRITICAL
zgrab_587_Spain.json:68,Spain,zgrab_real,test,CRITICAL
zgrab_587_Spain.json:69,Spain,zgrab_real,test,CRITICAL
zgrab_587_Spain.json:70,Spain,zgrab_real,test,CRITICAL
zgrab_587_Spain.json:71,Spain,zgrab_real,test,LOW_OR_MEDIUM
zgrab_587_Spain.json:72,Spain,zgrab_real,test,CRITICAL
zgrab_587_Spain.json:73,Spain,zgrab_real,test,CRITICAL
zgrab_587_Spain.json:74,Spain,zgrab_real,test,CRITICAL
zgrab_587_Spain.json:76,Spain,zgrab_real,test,LOW_OR_MEDIUM
zgrab_587_Spain.json:77,Spain,zgrab_real,test,LOW_OR_MEDIUM
zgrab_587_Spain.json:78,Spain,zgrab_real,test,HIGH
zgrab_587_Spain.json:79,Spain,zgrab_real,test,LOW_OR_MEDIUM
zgrab_587_Spain.json:80,Spain,zgrab_real,test,CRITICAL
zgrab_587_Spain.json:81,Spain,zgrab_real,test,CRITICAL
zgrab_587_Spain.json:82,Spain,zgrab_real,test,CRITICAL
zgrab_587_Spain.json:83,Spain,zgrab_real,test,LOW_OR_MEDIUM
zgrab_587_Spain.json:84,Spain,zgrab_real,test,CRITICAL
zgrab_587_Spain.json:85,Spain,zgrab_real,test,LOW_OR_MEDIUM
zgrab_587_Spain.json:86,Spain,zgrab_real,test,CRITICAL
zgrab_587_Spain.json:87,Spain,zgrab_real,test,LOW_OR_MEDIUM
zgrab_587_Spain.json:88,Spain,zgrab_real,test,CRITICAL
zgrab_587_Spain.json:89,Spain,zgrab_real,test,LOW_OR_MEDIUM
zgrab_587_Spain.json:90,Spain,zgrab_real,test,LOW_OR_MEDIUM
zgrab_587_Spain.json:91,Spain,zgrab_real,test,HIGH
zgrab_587_Spain.json:92,Spain,zgrab_real,test,HIGH
zgrab_587_Spain.json:93,Spain,zgrab_real,test,LOW_OR_MEDIUM
zgrab_587_Spain.json:94,Spain,zgrab_real,test,LOW_OR_MEDIUM
zgrab_587_Spain.json:95,Spain,zgrab_real,test,CRITICAL
zgrab_587_Spain.json:96,Spain,zgrab_real,test,LOW_OR_MEDIUM
zgrab_587_Spain.json:97,Spain,zgrab_real,test,LOW_OR_MEDIUM
zgrab_587_Spain.json:98,Spain,zgrab_real,test,CRITICAL
zgrab_587_Spain.json:99,Spain,zgrab_real,test,LOW_OR_MEDIUM
zgrab_587_Spain.json:100,Spain,zgrab_real,test,LOW_OR_MEDIUM
zgrab_France_587.json:1,France,zgrab_real,train,CRITICAL
zgrab_France_587.json:2,France,zgrab_real,train,CRITICAL
zgrab_France_587.json:3,France,zgrab_real,train,CRITICAL
zgrab_France_587.json:4,France,zgrab_real,train,CRITICAL
zgrab_France_587.json:5,France,zgrab_real,train,CRITICAL
zgrab_France_587.json:6,France,zgrab_real,train,CRITICAL
zgrab_France_587.json:7,France,zgrab_real,train,CRITICAL
zgrab_France_587.json:8,France,zgrab_real,train,CRITICAL
zgrab_France_587.json:9,France,zgrab_real,train,CRITICAL
zgrab_France_587.json:10,France,zgrab_real,train,CRITICAL
zgrab_France_587.json:11,France,zgrab_real,train,LOW_OR_MEDIUM
zgrab_France_587.json:12,France,zgrab_real,train,CRITICAL
zgrab_France_587.json:13,France,zgrab_real,train,CRITICAL
zgrab_France_587.json:14,France,zgrab_real,train,CRITICAL
zgrab_France_587.json:15,France,zgrab_real,train,CRITICAL
zgrab_France_587.json:16,France,zgrab_real,train,CRITICAL
zgrab_France_587.json:17,France,zgrab_real,train,CRITICAL
zgrab_France_587.json:18,France,zgrab_real,train,CRITICAL
zgrab_France_587.json:19,France,zgrab_real,train,CRITICAL
zgrab_France_587.json:20,France,zgrab_real,train,CRITICAL
zgrab_France_587.json:21,France,zgrab_real,train,CRITICAL
zgrab_France_587.json:22,France,zgrab_real,train,CRITICAL
zgrab_France_587.json:23,France,zgrab_real,train,CRITICAL
zgrab_France_587.json:24,France,zgrab_real,train,CRITICAL
zgrab_France_587.json:25,France,zgrab_real,train,CRITICAL
zgrab_France_587.json:26,France,zgrab_real,train,CRITICAL
zgrab_France_587.json:27,France,zgrab_real,train,CRITICAL
zgrab_France_587.json:28,France,zgrab_real,train,CRITICAL
zgrab_France_587.json:29,France,zgrab_real,train,CRITICAL
zgrab_France_587.json:30,France,zgrab_real,train,LOW_OR_MEDIUM
zgrab_France_587.json:31,France,zgrab_real,train,CRITICAL
zgrab_France_587.json:32,France,zgrab_real,train,CRITICAL
zgrab_France_587.json:33,France,zgrab_real,train,CRITICAL
zgrab_France_587.json:34,France,zgrab_real,train,LOW_OR_MEDIUM
zgrab_France_587.json:35,France,zgrab_real,train,CRITICAL
zgrab_France_587.json:36,France,zgrab_real,train,CRITICAL
zgrab_France_587.json:37,France,zgrab_real,train,CRITICAL
zgrab_France_587.json:38,France,zgrab_real,train,LOW_OR_MEDIUM
zgrab_France_587.json:39,France,zgrab_real,train,CRITICAL
zgrab_France_587.json:40,France,zgrab_real,train,CRITICAL
zgrab_France_587.json:41,France,zgrab_real,train,CRITICAL
zgrab_France_587.json:42,France,zgrab_real,train,CRITICAL
zgrab_France_587.json:43,France,zgrab_real,train,CRITICAL
zgrab_France_587.json:44,France,zgrab_real,train,CRITICAL
zgrab_France_587.json:45,France,zgrab_real,train,CRITICAL
zgrab_France_587.json:46,France,zgrab_real,train,CRITICAL
zgrab_France_587.json:47,France,zgrab_real,train,CRITICAL
zgrab_France_587.json:48,France,zgrab_real,train,LOW_OR_MEDIUM
zgrab_France_587.json:49,France,zgrab_real,train,CRITICAL
zgrab_France_587.json:50,France,zgrab_real,train,CRITICAL
zgrab_France_587.json:51,France,zgrab_real,train,CRITICAL
zgrab_France_587.json:52,France,zgrab_real,train,HIGH
zgrab_France_587.json:53,France,zgrab_real,train,CRITICAL
zgrab_France_587.json:54,France,zgrab_real,train,CRITICAL
zgrab_France_587.json:55,France,zgrab_real,train,CRITICAL
zgrab_France_587.json:56,France,zgrab_real,train,CRITICAL
zgrab_France_587.json:57,France,zgrab_real,train,CRITICAL
zgrab_France_587.json:58,France,zgrab_real,train,CRITICAL
zgrab_France_587.json:59,France,zgrab_real,train,CRITICAL
zgrab_France_587.json:60,France,zgrab_real,train,CRITICAL
zgrab_France_587.json:61,France,zgrab_real,train,CRITICAL
zgrab_France_587.json:62,France,zgrab_real,train,CRITICAL
zgrab_France_587.json:63,France,zgrab_real,train,CRITICAL
zgrab_France_587.json:64,France,zgrab_real,train,CRITICAL
zgrab_France_587.json:65,France,zgrab_real,train,CRITICAL
zgrab_France_587.json:66,France,zgrab_real,train,CRITICAL
zgrab_France_587.json:67,France,zgrab_real,train,CRITICAL
zgrab_France_587.json:68,France,zgrab_real,train,CRITICAL
zgrab_France_587.json:69,France,zgrab_real,train,CRITICAL
zgrab_France_587.json:70,France,zgrab_real,train,CRITICAL
zgrab_France_587.json:71,France,zgrab_real,train,CRITICAL
zgrab_France_587.json:72,France,zgrab_real,train,CRITICAL
zgrab_France_587.json:73,France,zgrab_real,train,CRITICAL
zgrab_France_587.json:74,France,zgrab_real,train,CRITICAL
zgrab_France_587.json:75,France,zgrab_real,train,CRITICAL
zgrab_France_587.json:76,France,zgrab_real,train,LOW_OR_MEDIUM
zgrab_France_587.json:77,France,zgrab_real,train,CRITICAL
zgrab_France_587.json:79,France,zgrab_real,train,CRITICAL
zgrab_France_587.json:80,France,zgrab_real,train,CRITICAL
zgrab_France_587.json:81,France,zgrab_real,train,CRITICAL
zgrab_France_587.json:82,France,zgrab_real,train,CRITICAL
zgrab_France_587.json:83,France,zgrab_real,train,CRITICAL
zgrab_France_587.json:84,France,zgrab_real,train,CRITICAL
zgrab_France_587.json:85,France,zgrab_real,train,CRITICAL
zgrab_France_587.json:86,France,zgrab_real,train,CRITICAL
zgrab_France_587.json:87,France,zgrab_real,train,LOW_OR_MEDIUM
zgrab_France_587.json:88,France,zgrab_real,train,CRITICAL
zgrab_France_587.json:89,France,zgrab_real,train,CRITICAL
zgrab_France_587.json:90,France,zgrab_real,train,CRITICAL
zgrab_France_587.json:91,France,zgrab_real,train,CRITICAL
zgrab_France_587.json:92,France,zgrab_real,train,CRITICAL
zgrab_France_587.json:93,France,zgrab_real,train,LOW_OR_MEDIUM
zgrab_France_587.json:94,France,zgrab_real,train,CRITICAL
zgrab_France_587.json:95,France,zgrab_real,train,CRITICAL
zgrab_France_587.json:96,France,zgrab_real,train,CRITICAL
zgrab_France_587.json:97,France,zgrab_real,train,LOW_OR_MEDIUM
zgrab_France_587.json:98,France,zgrab_real,train,CRITICAL
zgrab_France_587.json:99,France,zgrab_real,train,CRITICAL
zgrab_France_587.json:100,France,zgrab_real,train,CRITICAL
zgrab_Germany_587.json:1,Germany,zgrab_real,train,CRITICAL
zgrab_Germany_587.json:2,Germany,zgrab_real,train,HIGH
zgrab_Germany_587.json:3,Germany,zgrab_real,train,CRITICAL
zgrab_Germany_587.json:4,Germany,zgrab_real,train,CRITICAL
zgrab_Germany_587.json:5,Germany,zgrab_real,train,CRITICAL
zgrab_Germany_587.json:6,Germany,zgrab_real,train,CRITICAL
zgrab_Germany_587.json:7,Germany,zgrab_real,train,CRITICAL
zgrab_Germany_587.json:8,Germany,zgrab_real,train,CRITICAL
zgrab_Germany_587.json:9,Germany,zgrab_real,train,CRITICAL
zgrab_Germany_587.json:10,Germany,zgrab_real,train,CRITICAL
zgrab_Germany_587.json:11,Germany,zgrab_real,train,CRITICAL
zgrab_Germany_587.json:12,Germany,zgrab_real,train,CRITICAL
zgrab_Germany_587.json:13,Germany,zgrab_real,train,CRITICAL
zgrab_Germany_587.json:14,Germany,zgrab_real,train,CRITICAL
zgrab_Germany_587.json:15,Germany,zgrab_real,train,CRITICAL
zgrab_Germany_587.json:16,Germany,zgrab_real,train,LOW_OR_MEDIUM
zgrab_Germany_587.json:17,Germany,zgrab_real,train,CRITICAL
zgrab_Germany_587.json:18,Germany,zgrab_real,train,CRITICAL
zgrab_Germany_587.json:19,Germany,zgrab_real,train,CRITICAL
zgrab_Germany_587.json:20,Germany,zgrab_real,train,CRITICAL
zgrab_Germany_587.json:21,Germany,zgrab_real,train,CRITICAL
zgrab_Germany_587.json:22,Germany,zgrab_real,train,CRITICAL
zgrab_Germany_587.json:23,Germany,zgrab_real,train,LOW_OR_MEDIUM
zgrab_Germany_587.json:24,Germany,zgrab_real,train,CRITICAL
zgrab_Germany_587.json:25,Germany,zgrab_real,train,CRITICAL
zgrab_Germany_587.json:26,Germany,zgrab_real,train,CRITICAL
zgrab_Germany_587.json:27,Germany,zgrab_real,train,CRITICAL
zgrab_Germany_587.json:29,Germany,zgrab_real,train,CRITICAL
zgrab_Germany_587.json:30,Germany,zgrab_real,train,CRITICAL
zgrab_Germany_587.json:31,Germany,zgrab_real,train,LOW_OR_MEDIUM
zgrab_Germany_587.json:32,Germany,zgrab_real,train,CRITICAL
zgrab_Germany_587.json:33,Germany,zgrab_real,train,CRITICAL
zgrab_Germany_587.json:34,Germany,zgrab_real,train,CRITICAL
zgrab_Germany_587.json:35,Germany,zgrab_real,train,LOW_OR_MEDIUM
zgrab_Germany_587.json:36,Germany,zgrab_real,train,CRITICAL
zgrab_Germany_587.json:37,Germany,zgrab_real,train,CRITICAL
zgrab_Germany_587.json:38,Germany,zgrab_real,train,CRITICAL
zgrab_Germany_587.json:39,Germany,zgrab_real,train,CRITICAL
zgrab_Germany_587.json:40,Germany,zgrab_real,train,CRITICAL
zgrab_Germany_587.json:41,Germany,zgrab_real,train,CRITICAL
zgrab_Germany_587.json:42,Germany,zgrab_real,train,CRITICAL
zgrab_Germany_587.json:43,Germany,zgrab_real,train,CRITICAL
zgrab_Germany_587.json:44,Germany,zgrab_real,train,CRITICAL
zgrab_Germany_587.json:45,Germany,zgrab_real,train,HIGH
zgrab_Germany_587.json:46,Germany,zgrab_real,train,CRITICAL
zgrab_Germany_587.json:48,Germany,zgrab_real,train,CRITICAL
zgrab_Germany_587.json:49,Germany,zgrab_real,train,CRITICAL
zgrab_Germany_587.json:50,Germany,zgrab_real,train,HIGH
zgrab_Germany_587.json:51,Germany,zgrab_real,train,CRITICAL
zgrab_Germany_587.json:52,Germany,zgrab_real,train,CRITICAL
zgrab_Germany_587.json:53,Germany,zgrab_real,train,CRITICAL
zgrab_Germany_587.json:54,Germany,zgrab_real,train,CRITICAL
zgrab_Germany_587.json:55,Germany,zgrab_real,train,CRITICAL
zgrab_Germany_587.json:56,Germany,zgrab_real,train,CRITICAL
zgrab_Germany_587.json:57,Germany,zgrab_real,train,CRITICAL
zgrab_Germany_587.json:58,Germany,zgrab_real,train,CRITICAL
zgrab_Germany_587.json:59,Germany,zgrab_real,train,CRITICAL
zgrab_Germany_587.json:60,Germany,zgrab_real,train,CRITICAL
zgrab_Germany_587.json:61,Germany,zgrab_real,train,CRITICAL
zgrab_Germany_587.json:62,Germany,zgrab_real,train,CRITICAL
zgrab_Germany_587.json:63,Germany,zgrab_real,train,CRITICAL
zgrab_Germany_587.json:64,Germany,zgrab_real,train,CRITICAL
zgrab_Germany_587.json:65,Germany,zgrab_real,train,CRITICAL
zgrab_Germany_587.json:66,Germany,zgrab_real,train,CRITICAL
zgrab_Germany_587.json:67,Germany,zgrab_real,train,CRITICAL
zgrab_Germany_587.json:68,Germany,zgrab_real,train,CRITICAL
zgrab_Germany_587.json:70,Germany,zgrab_real,train,CRITICAL
zgrab_Germany_587.json:71,Germany,zgrab_real,train,CRITICAL
zgrab_Germany_587.json:72,Germany,zgrab_real,train,CRITICAL
zgrab_Germany_587.json:73,Germany,zgrab_real,train,CRITICAL
zgrab_Germany_587.json:74,Germany,zgrab_real,train,CRITICAL
zgrab_Germany_587.json:75,Germany,zgrab_real,train,HIGH
zgrab_Germany_587.json:76,Germany,zgrab_real,train,LOW_OR_MEDIUM
zgrab_Germany_587.json:77,Germany,zgrab_real,train,CRITICAL
zgrab_Germany_587.json:78,Germany,zgrab_real,train,CRITICAL
zgrab_Germany_587.json:79,Germany,zgrab_real,train,CRITICAL
zgrab_Germany_587.json:80,Germany,zgrab_real,train,CRITICAL
zgrab_Germany_587.json:81,Germany,zgrab_real,train,CRITICAL
zgrab_Germany_587.json:82,Germany,zgrab_real,train,CRITICAL
zgrab_Germany_587.json:83,Germany,zgrab_real,train,CRITICAL
zgrab_Germany_587.json:84,Germany,zgrab_real,train,CRITICAL
zgrab_Germany_587.json:85,Germany,zgrab_real,train,CRITICAL
zgrab_Germany_587.json:86,Germany,zgrab_real,train,LOW_OR_MEDIUM
zgrab_Germany_587.json:87,Germany,zgrab_real,train,CRITICAL
zgrab_Germany_587.json:88,Germany,zgrab_real,train,CRITICAL
zgrab_Germany_587.json:89,Germany,zgrab_real,train,CRITICAL
zgrab_Germany_587.json:90,Germany,zgrab_real,train,CRITICAL
zgrab_Germany_587.json:91,Germany,zgrab_real,train,CRITICAL
zgrab_Germany_587.json:92,Germany,zgrab_real,train,CRITICAL
zgrab_Germany_587.json:93,Germany,zgrab_real,train,CRITICAL
zgrab_Germany_587.json:94,Germany,zgrab_real,train,CRITICAL
zgrab_Germany_587.json:95,Germany,zgrab_real,train,CRITICAL
zgrab_Germany_587.json:96,Germany,zgrab_real,train,CRITICAL
zgrab_Germany_587.json:97,Germany,zgrab_real,train,CRITICAL
zgrab_Germany_587.json:98,Germany,zgrab_real,train,CRITICAL
zgrab_Germany_587.json:99,Germany,zgrab_real,train,CRITICAL
zgrab_Germany_587.json:100,Germany,zgrab_real,train,CRITICAL
zgrab_India_587.json:1,India,zgrab_real,validation,CRITICAL
zgrab_India_587.json:2,India,zgrab_real,validation,CRITICAL
zgrab_India_587.json:3,India,zgrab_real,validation,CRITICAL
zgrab_India_587.json:4,India,zgrab_real,validation,CRITICAL
zgrab_India_587.json:5,India,zgrab_real,validation,CRITICAL
zgrab_India_587.json:6,India,zgrab_real,validation,CRITICAL
zgrab_India_587.json:7,India,zgrab_real,validation,CRITICAL
zgrab_India_587.json:8,India,zgrab_real,validation,CRITICAL
zgrab_India_587.json:9,India,zgrab_real,validation,CRITICAL
zgrab_India_587.json:10,India,zgrab_real,validation,LOW_OR_MEDIUM
zgrab_India_587.json:11,India,zgrab_real,validation,CRITICAL
zgrab_India_587.json:12,India,zgrab_real,validation,HIGH
zgrab_India_587.json:13,India,zgrab_real,validation,CRITICAL
zgrab_India_587.json:14,India,zgrab_real,validation,CRITICAL
zgrab_India_587.json:15,India,zgrab_real,validation,CRITICAL
zgrab_India_587.json:16,India,zgrab_real,validation,HIGH
zgrab_India_587.json:17,India,zgrab_real,validation,CRITICAL
zgrab_India_587.json:18,India,zgrab_real,validation,LOW_OR_MEDIUM
zgrab_India_587.json:19,India,zgrab_real,validation,LOW_OR_MEDIUM
zgrab_India_587.json:20,India,zgrab_real,validation,CRITICAL
zgrab_India_587.json:21,India,zgrab_real,validation,LOW_OR_MEDIUM
zgrab_India_587.json:22,India,zgrab_real,validation,LOW_OR_MEDIUM
zgrab_India_587.json:23,India,zgrab_real,validation,CRITICAL
zgrab_India_587.json:24,India,zgrab_real,validation,CRITICAL
zgrab_India_587.json:25,India,zgrab_real,validation,CRITICAL
zgrab_India_587.json:26,India,zgrab_real,validation,HIGH
zgrab_India_587.json:27,India,zgrab_real,validation,CRITICAL
zgrab_India_587.json:28,India,zgrab_real,validation,LOW_OR_MEDIUM
zgrab_India_587.json:29,India,zgrab_real,validation,CRITICAL
zgrab_India_587.json:30,India,zgrab_real,validation,CRITICAL
zgrab_India_587.json:31,India,zgrab_real,validation,CRITICAL
zgrab_India_587.json:32,India,zgrab_real,validation,CRITICAL
zgrab_India_587.json:33,India,zgrab_real,validation,CRITICAL
zgrab_India_587.json:34,India,zgrab_real,validation,CRITICAL
zgrab_India_587.json:35,India,zgrab_real,validation,CRITICAL
zgrab_India_587.json:36,India,zgrab_real,validation,CRITICAL
zgrab_India_587.json:37,India,zgrab_real,validation,CRITICAL
zgrab_India_587.json:38,India,zgrab_real,validation,CRITICAL
zgrab_India_587.json:39,India,zgrab_real,validation,CRITICAL
zgrab_India_587.json:40,India,zgrab_real,validation,LOW_OR_MEDIUM
zgrab_India_587.json:41,India,zgrab_real,validation,CRITICAL
zgrab_India_587.json:42,India,zgrab_real,validation,CRITICAL
zgrab_India_587.json:43,India,zgrab_real,validation,CRITICAL
zgrab_India_587.json:44,India,zgrab_real,validation,LOW_OR_MEDIUM
zgrab_India_587.json:45,India,zgrab_real,validation,LOW_OR_MEDIUM
zgrab_India_587.json:46,India,zgrab_real,validation,LOW_OR_MEDIUM
zgrab_India_587.json:47,India,zgrab_real,validation,LOW_OR_MEDIUM
zgrab_India_587.json:48,India,zgrab_real,validation,LOW_OR_MEDIUM
zgrab_India_587.json:49,India,zgrab_real,validation,LOW_OR_MEDIUM
zgrab_India_587.json:50,India,zgrab_real,validation,LOW_OR_MEDIUM
zgrab_India_587.json:51,India,zgrab_real,validation,LOW_OR_MEDIUM
zgrab_India_587.json:52,India,zgrab_real,validation,LOW_OR_MEDIUM
zgrab_India_587.json:53,India,zgrab_real,validation,LOW_OR_MEDIUM
zgrab_India_587.json:54,India,zgrab_real,validation,LOW_OR_MEDIUM
zgrab_India_587.json:55,India,zgrab_real,validation,CRITICAL
zgrab_India_587.json:56,India,zgrab_real,validation,CRITICAL
zgrab_India_587.json:57,India,zgrab_real,validation,CRITICAL
zgrab_India_587.json:58,India,zgrab_real,validation,LOW_OR_MEDIUM
zgrab_India_587.json:59,India,zgrab_real,validation,LOW_OR_MEDIUM
zgrab_India_587.json:60,India,zgrab_real,validation,LOW_OR_MEDIUM
zgrab_India_587.json:61,India,zgrab_real,validation,LOW_OR_MEDIUM
zgrab_India_587.json:62,India,zgrab_real,validation,LOW_OR_MEDIUM
zgrab_India_587.json:63,India,zgrab_real,validation,LOW_OR_MEDIUM
zgrab_India_587.json:64,India,zgrab_real,validation,LOW_OR_MEDIUM
zgrab_India_587.json:65,India,zgrab_real,validation,LOW_OR_MEDIUM
zgrab_India_587.json:66,India,zgrab_real,validation,LOW_OR_MEDIUM
zgrab_India_587.json:67,India,zgrab_real,validation,LOW_OR_MEDIUM
zgrab_India_587.json:68,India,zgrab_real,validation,CRITICAL
zgrab_India_587.json:69,India,zgrab_real,validation,CRITICAL
zgrab_India_587.json:70,India,zgrab_real,validation,LOW_OR_MEDIUM
zgrab_India_587.json:71,India,zgrab_real,validation,CRITICAL
zgrab_India_587.json:72,India,zgrab_real,validation,LOW_OR_MEDIUM
zgrab_India_587.json:73,India,zgrab_real,validation,LOW_OR_MEDIUM
zgrab_India_587.json:74,India,zgrab_real,validation,LOW_OR_MEDIUM
zgrab_India_587.json:75,India,zgrab_real,validation,LOW_OR_MEDIUM
zgrab_India_587.json:76,India,zgrab_real,validation,LOW_OR_MEDIUM
zgrab_India_587.json:77,India,zgrab_real,validation,LOW_OR_MEDIUM
zgrab_India_587.json:78,India,zgrab_real,validation,LOW_OR_MEDIUM
zgrab_India_587.json:79,India,zgrab_real,validation,LOW_OR_MEDIUM
zgrab_India_587.json:80,India,zgrab_real,validation,LOW_OR_MEDIUM
zgrab_India_587.json:81,India,zgrab_real,validation,LOW_OR_MEDIUM
zgrab_India_587.json:82,India,zgrab_real,validation,LOW_OR_MEDIUM
zgrab_India_587.json:83,India,zgrab_real,validation,LOW_OR_MEDIUM
zgrab_India_587.json:84,India,zgrab_real,validation,LOW_OR_MEDIUM
zgrab_India_587.json:85,India,zgrab_real,validation,LOW_OR_MEDIUM
zgrab_India_587.json:86,India,zgrab_real,validation,CRITICAL
zgrab_India_587.json:87,India,zgrab_real,validation,LOW_OR_MEDIUM
zgrab_India_587.json:88,India,zgrab_real,validation,LOW_OR_MEDIUM
zgrab_India_587.json:89,India,zgrab_real,validation,LOW_OR_MEDIUM
zgrab_India_587.json:90,India,zgrab_real,validation,LOW_OR_MEDIUM
zgrab_India_587.json:91,India,zgrab_real,validation,LOW_OR_MEDIUM
zgrab_India_587.json:92,India,zgrab_real,validation,LOW_OR_MEDIUM
zgrab_India_587.json:93,India,zgrab_real,validation,LOW_OR_MEDIUM
zgrab_India_587.json:94,India,zgrab_real,validation,LOW_OR_MEDIUM
zgrab_India_587.json:95,India,zgrab_real,validation,HIGH
zgrab_India_587.json:96,India,zgrab_real,validation,LOW_OR_MEDIUM
zgrab_India_587.json:97,India,zgrab_real,validation,LOW_OR_MEDIUM
zgrab_India_587.json:98,India,zgrab_real,validation,LOW_OR_MEDIUM
zgrab_India_587.json:99,India,zgrab_real,validation,CRITICAL
zgrab_India_587.json:100,India,zgrab_real,validation,LOW_OR_MEDIUM
zgrab_Netherlands_587.json:1,Netherlands,zgrab_real,train,CRITICAL
zgrab_Netherlands_587.json:2,Netherlands,zgrab_real,train,LOW_OR_MEDIUM
zgrab_Netherlands_587.json:3,Netherlands,zgrab_real,train,LOW_OR_MEDIUM
zgrab_Netherlands_587.json:4,Netherlands,zgrab_real,train,LOW_OR_MEDIUM
zgrab_Netherlands_587.json:5,Netherlands,zgrab_real,train,LOW_OR_MEDIUM
zgrab_Netherlands_587.json:6,Netherlands,zgrab_real,train,CRITICAL
zgrab_Netherlands_587.json:7,Netherlands,zgrab_real,train,CRITICAL
zgrab_Netherlands_587.json:8,Netherlands,zgrab_real,train,CRITICAL
zgrab_Netherlands_587.json:9,Netherlands,zgrab_real,train,CRITICAL
zgrab_Netherlands_587.json:10,Netherlands,zgrab_real,train,LOW_OR_MEDIUM
zgrab_Netherlands_587.json:11,Netherlands,zgrab_real,train,CRITICAL
zgrab_Netherlands_587.json:12,Netherlands,zgrab_real,train,LOW_OR_MEDIUM
zgrab_Netherlands_587.json:13,Netherlands,zgrab_real,train,CRITICAL
zgrab_Netherlands_587.json:14,Netherlands,zgrab_real,train,CRITICAL
zgrab_Netherlands_587.json:15,Netherlands,zgrab_real,train,CRITICAL
zgrab_Netherlands_587.json:16,Netherlands,zgrab_real,train,CRITICAL
zgrab_Netherlands_587.json:17,Netherlands,zgrab_real,train,CRITICAL
zgrab_Netherlands_587.json:18,Netherlands,zgrab_real,train,CRITICAL
zgrab_Netherlands_587.json:19,Netherlands,zgrab_real,train,CRITICAL
zgrab_Netherlands_587.json:20,Netherlands,zgrab_real,train,CRITICAL
zgrab_Netherlands_587.json:21,Netherlands,zgrab_real,train,CRITICAL
zgrab_Netherlands_587.json:22,Netherlands,zgrab_real,train,CRITICAL
zgrab_Netherlands_587.json:23,Netherlands,zgrab_real,train,CRITICAL
zgrab_Netherlands_587.json:24,Netherlands,zgrab_real,train,CRITICAL
zgrab_Netherlands_587.json:25,Netherlands,zgrab_real,train,CRITICAL
zgrab_Netherlands_587.json:26,Netherlands,zgrab_real,train,CRITICAL
zgrab_Netherlands_587.json:27,Netherlands,zgrab_real,train,CRITICAL
zgrab_Netherlands_587.json:28,Netherlands,zgrab_real,train,CRITICAL
zgrab_Netherlands_587.json:29,Netherlands,zgrab_real,train,CRITICAL
zgrab_Netherlands_587.json:30,Netherlands,zgrab_real,train,CRITICAL
zgrab_Netherlands_587.json:31,Netherlands,zgrab_real,train,CRITICAL
zgrab_Netherlands_587.json:32,Netherlands,zgrab_real,train,CRITICAL
zgrab_Netherlands_587.json:33,Netherlands,zgrab_real,train,CRITICAL
zgrab_Netherlands_587.json:34,Netherlands,zgrab_real,train,CRITICAL
zgrab_Netherlands_587.json:35,Netherlands,zgrab_real,train,CRITICAL
zgrab_Netherlands_587.json:36,Netherlands,zgrab_real,train,CRITICAL
zgrab_Netherlands_587.json:37,Netherlands,zgrab_real,train,CRITICAL
zgrab_Netherlands_587.json:38,Netherlands,zgrab_real,train,CRITICAL
zgrab_Netherlands_587.json:39,Netherlands,zgrab_real,train,CRITICAL
zgrab_Netherlands_587.json:40,Netherlands,zgrab_real,train,CRITICAL
zgrab_Netherlands_587.json:41,Netherlands,zgrab_real,train,LOW_OR_MEDIUM
zgrab_Netherlands_587.json:42,Netherlands,zgrab_real,train,LOW_OR_MEDIUM
zgrab_Netherlands_587.json:43,Netherlands,zgrab_real,train,LOW_OR_MEDIUM
zgrab_Netherlands_587.json:44,Netherlands,zgrab_real,train,CRITICAL
zgrab_Netherlands_587.json:45,Netherlands,zgrab_real,train,CRITICAL
zgrab_Netherlands_587.json:46,Netherlands,zgrab_real,train,CRITICAL
zgrab_Netherlands_587.json:47,Netherlands,zgrab_real,train,CRITICAL
zgrab_Netherlands_587.json:48,Netherlands,zgrab_real,train,CRITICAL
zgrab_Netherlands_587.json:49,Netherlands,zgrab_real,train,CRITICAL
zgrab_Netherlands_587.json:50,Netherlands,zgrab_real,train,CRITICAL
zgrab_Netherlands_587.json:51,Netherlands,zgrab_real,train,CRITICAL
zgrab_Netherlands_587.json:52,Netherlands,zgrab_real,train,CRITICAL
zgrab_Netherlands_587.json:53,Netherlands,zgrab_real,train,CRITICAL
zgrab_Netherlands_587.json:54,Netherlands,zgrab_real,train,LOW_OR_MEDIUM
zgrab_Netherlands_587.json:55,Netherlands,zgrab_real,train,LOW_OR_MEDIUM
zgrab_Netherlands_587.json:56,Netherlands,zgrab_real,train,CRITICAL
zgrab_Netherlands_587.json:57,Netherlands,zgrab_real,train,LOW_OR_MEDIUM
zgrab_Netherlands_587.json:58,Netherlands,zgrab_real,train,CRITICAL
zgrab_Netherlands_587.json:59,Netherlands,zgrab_real,train,CRITICAL
zgrab_Netherlands_587.json:60,Netherlands,zgrab_real,train,CRITICAL
zgrab_Netherlands_587.json:61,Netherlands,zgrab_real,train,CRITICAL
zgrab_Netherlands_587.json:62,Netherlands,zgrab_real,train,CRITICAL
zgrab_Netherlands_587.json:63,Netherlands,zgrab_real,train,CRITICAL
zgrab_Netherlands_587.json:64,Netherlands,zgrab_real,train,CRITICAL
zgrab_Netherlands_587.json:65,Netherlands,zgrab_real,train,CRITICAL
zgrab_Netherlands_587.json:66,Netherlands,zgrab_real,train,CRITICAL
zgrab_Netherlands_587.json:67,Netherlands,zgrab_real,train,CRITICAL
zgrab_Netherlands_587.json:68,Netherlands,zgrab_real,train,CRITICAL
zgrab_Netherlands_587.json:69,Netherlands,zgrab_real,train,CRITICAL
zgrab_Netherlands_587.json:70,Netherlands,zgrab_real,train,LOW_OR_MEDIUM
zgrab_Netherlands_587.json:71,Netherlands,zgrab_real,train,LOW_OR_MEDIUM
zgrab_Netherlands_587.json:72,Netherlands,zgrab_real,train,LOW_OR_MEDIUM
zgrab_Netherlands_587.json:73,Netherlands,zgrab_real,train,LOW_OR_MEDIUM
zgrab_Netherlands_587.json:74,Netherlands,zgrab_real,train,LOW_OR_MEDIUM
zgrab_Netherlands_587.json:75,Netherlands,zgrab_real,train,LOW_OR_MEDIUM
zgrab_Netherlands_587.json:76,Netherlands,zgrab_real,train,LOW_OR_MEDIUM
zgrab_Netherlands_587.json:77,Netherlands,zgrab_real,train,LOW_OR_MEDIUM
zgrab_Netherlands_587.json:78,Netherlands,zgrab_real,train,LOW_OR_MEDIUM
zgrab_Netherlands_587.json:79,Netherlands,zgrab_real,train,HIGH
zgrab_Netherlands_587.json:80,Netherlands,zgrab_real,train,HIGH
zgrab_Netherlands_587.json:81,Netherlands,zgrab_real,train,CRITICAL
zgrab_Netherlands_587.json:82,Netherlands,zgrab_real,train,LOW_OR_MEDIUM
zgrab_Netherlands_587.json:83,Netherlands,zgrab_real,train,CRITICAL
zgrab_Netherlands_587.json:84,Netherlands,zgrab_real,train,LOW_OR_MEDIUM
zgrab_Netherlands_587.json:85,Netherlands,zgrab_real,train,CRITICAL
zgrab_Netherlands_587.json:86,Netherlands,zgrab_real,train,CRITICAL
zgrab_Netherlands_587.json:87,Netherlands,zgrab_real,train,CRITICAL
zgrab_Netherlands_587.json:88,Netherlands,zgrab_real,train,CRITICAL
zgrab_Netherlands_587.json:89,Netherlands,zgrab_real,train,CRITICAL
zgrab_Netherlands_587.json:90,Netherlands,zgrab_real,train,LOW_OR_MEDIUM
zgrab_Netherlands_587.json:93,Netherlands,zgrab_real,train,CRITICAL
zgrab_Netherlands_587.json:94,Netherlands,zgrab_real,train,CRITICAL
zgrab_Netherlands_587.json:95,Netherlands,zgrab_real,train,CRITICAL
zgrab_Netherlands_587.json:96,Netherlands,zgrab_real,train,CRITICAL
zgrab_Netherlands_587.json:97,Netherlands,zgrab_real,train,CRITICAL
zgrab_Netherlands_587.json:98,Netherlands,zgrab_real,train,CRITICAL
zgrab_Netherlands_587.json:99,Netherlands,zgrab_real,train,CRITICAL
zgrab_Netherlands_587.json:100,Netherlands,zgrab_real,train,CRITICAL
zgrab_Russia_587.json:1,Russia,zgrab_real,validation,CRITICAL
zgrab_Russia_587.json:2,Russia,zgrab_real,validation,HIGH
zgrab_Russia_587.json:3,Russia,zgrab_real,validation,CRITICAL
zgrab_Russia_587.json:4,Russia,zgrab_real,validation,CRITICAL
zgrab_Russia_587.json:5,Russia,zgrab_real,validation,CRITICAL
zgrab_Russia_587.json:6,Russia,zgrab_real,validation,CRITICAL
zgrab_Russia_587.json:7,Russia,zgrab_real,validation,CRITICAL
zgrab_Russia_587.json:8,Russia,zgrab_real,validation,CRITICAL
zgrab_Russia_587.json:9,Russia,zgrab_real,validation,CRITICAL
zgrab_Russia_587.json:10,Russia,zgrab_real,validation,CRITICAL
zgrab_Russia_587.json:11,Russia,zgrab_real,validation,CRITICAL
zgrab_Russia_587.json:12,Russia,zgrab_real,validation,CRITICAL
zgrab_Russia_587.json:13,Russia,zgrab_real,validation,CRITICAL
zgrab_Russia_587.json:14,Russia,zgrab_real,validation,CRITICAL
zgrab_Russia_587.json:15,Russia,zgrab_real,validation,CRITICAL
zgrab_Russia_587.json:16,Russia,zgrab_real,validation,CRITICAL
zgrab_Russia_587.json:17,Russia,zgrab_real,validation,CRITICAL
zgrab_Russia_587.json:18,Russia,zgrab_real,validation,HIGH
zgrab_Russia_587.json:19,Russia,zgrab_real,validation,CRITICAL
zgrab_Russia_587.json:20,Russia,zgrab_real,validation,CRITICAL
zgrab_Russia_587.json:21,Russia,zgrab_real,validation,CRITICAL
zgrab_Russia_587.json:22,Russia,zgrab_real,validation,CRITICAL
zgrab_Russia_587.json:23,Russia,zgrab_real,validation,CRITICAL
zgrab_Russia_587.json:24,Russia,zgrab_real,validation,CRITICAL
zgrab_Russia_587.json:25,Russia,zgrab_real,validation,CRITICAL
zgrab_Russia_587.json:26,Russia,zgrab_real,validation,CRITICAL
zgrab_Russia_587.json:27,Russia,zgrab_real,validation,CRITICAL
zgrab_Russia_587.json:28,Russia,zgrab_real,validation,CRITICAL
zgrab_Russia_587.json:29,Russia,zgrab_real,validation,LOW_OR_MEDIUM
zgrab_Russia_587.json:30,Russia,zgrab_real,validation,CRITICAL
zgrab_Russia_587.json:31,Russia,zgrab_real,validation,CRITICAL
zgrab_Russia_587.json:32,Russia,zgrab_real,validation,CRITICAL
zgrab_Russia_587.json:33,Russia,zgrab_real,validation,CRITICAL
zgrab_Russia_587.json:34,Russia,zgrab_real,validation,CRITICAL
zgrab_Russia_587.json:35,Russia,zgrab_real,validation,CRITICAL
zgrab_Russia_587.json:36,Russia,zgrab_real,validation,CRITICAL
zgrab_Russia_587.json:37,Russia,zgrab_real,validation,CRITICAL
zgrab_Russia_587.json:38,Russia,zgrab_real,validation,CRITICAL
zgrab_Russia_587.json:39,Russia,zgrab_real,validation,CRITICAL
zgrab_Russia_587.json:40,Russia,zgrab_real,validation,CRITICAL
zgrab_Russia_587.json:41,Russia,zgrab_real,validation,CRITICAL
zgrab_Russia_587.json:42,Russia,zgrab_real,validation,CRITICAL
zgrab_Russia_587.json:43,Russia,zgrab_real,validation,CRITICAL
zgrab_Russia_587.json:44,Russia,zgrab_real,validation,CRITICAL
zgrab_Russia_587.json:45,Russia,zgrab_real,validation,CRITICAL
zgrab_Russia_587.json:46,Russia,zgrab_real,validation,CRITICAL
zgrab_Russia_587.json:47,Russia,zgrab_real,validation,HIGH
zgrab_Russia_587.json:48,Russia,zgrab_real,validation,CRITICAL
zgrab_Russia_587.json:49,Russia,zgrab_real,validation,CRITICAL
zgrab_Russia_587.json:50,Russia,zgrab_real,validation,CRITICAL
zgrab_Russia_587.json:51,Russia,zgrab_real,validation,CRITICAL
zgrab_Russia_587.json:52,Russia,zgrab_real,validation,CRITICAL
zgrab_Russia_587.json:53,Russia,zgrab_real,validation,CRITICAL
zgrab_Russia_587.json:54,Russia,zgrab_real,validation,CRITICAL
zgrab_Russia_587.json:56,Russia,zgrab_real,validation,CRITICAL
zgrab_Russia_587.json:57,Russia,zgrab_real,validation,LOW_OR_MEDIUM
zgrab_Russia_587.json:58,Russia,zgrab_real,validation,CRITICAL
zgrab_Russia_587.json:59,Russia,zgrab_real,validation,CRITICAL
zgrab_Russia_587.json:60,Russia,zgrab_real,validation,CRITICAL
zgrab_Russia_587.json:61,Russia,zgrab_real,validation,CRITICAL
zgrab_Russia_587.json:62,Russia,zgrab_real,validation,LOW_OR_MEDIUM
zgrab_Russia_587.json:63,Russia,zgrab_real,validation,CRITICAL
zgrab_Russia_587.json:64,Russia,zgrab_real,validation,CRITICAL
zgrab_Russia_587.json:65,Russia,zgrab_real,validation,CRITICAL
zgrab_Russia_587.json:66,Russia,zgrab_real,validation,CRITICAL
zgrab_Russia_587.json:67,Russia,zgrab_real,validation,CRITICAL
zgrab_Russia_587.json:68,Russia,zgrab_real,validation,CRITICAL
zgrab_Russia_587.json:69,Russia,zgrab_real,validation,CRITICAL
zgrab_Russia_587.json:70,Russia,zgrab_real,validation,LOW_OR_MEDIUM
zgrab_Russia_587.json:71,Russia,zgrab_real,validation,LOW_OR_MEDIUM
zgrab_Russia_587.json:72,Russia,zgrab_real,validation,CRITICAL
zgrab_Russia_587.json:73,Russia,zgrab_real,validation,LOW_OR_MEDIUM
zgrab_Russia_587.json:74,Russia,zgrab_real,validation,CRITICAL
zgrab_Russia_587.json:75,Russia,zgrab_real,validation,CRITICAL
zgrab_Russia_587.json:76,Russia,zgrab_real,validation,CRITICAL
zgrab_Russia_587.json:77,Russia,zgrab_real,validation,CRITICAL
zgrab_Russia_587.json:79,Russia,zgrab_real,validation,CRITICAL
zgrab_Russia_587.json:80,Russia,zgrab_real,validation,CRITICAL
zgrab_Russia_587.json:81,Russia,zgrab_real,validation,CRITICAL
zgrab_Russia_587.json:82,Russia,zgrab_real,validation,CRITICAL
zgrab_Russia_587.json:83,Russia,zgrab_real,validation,CRITICAL
zgrab_Russia_587.json:84,Russia,zgrab_real,validation,CRITICAL
zgrab_Russia_587.json:85,Russia,zgrab_real,validation,CRITICAL
zgrab_Russia_587.json:86,Russia,zgrab_real,validation,CRITICAL
zgrab_Russia_587.json:87,Russia,zgrab_real,validation,LOW_OR_MEDIUM
zgrab_Russia_587.json:88,Russia,zgrab_real,validation,CRITICAL
zgrab_Russia_587.json:89,Russia,zgrab_real,validation,CRITICAL
zgrab_Russia_587.json:90,Russia,zgrab_real,validation,CRITICAL
zgrab_Russia_587.json:91,Russia,zgrab_real,validation,CRITICAL
zgrab_Russia_587.json:92,Russia,zgrab_real,validation,CRITICAL
zgrab_Russia_587.json:93,Russia,zgrab_real,validation,CRITICAL
zgrab_Russia_587.json:94,Russia,zgrab_real,validation,CRITICAL
zgrab_Russia_587.json:95,Russia,zgrab_real,validation,LOW_OR_MEDIUM
zgrab_Russia_587.json:96,Russia,zgrab_real,validation,CRITICAL
zgrab_Russia_587.json:97,Russia,zgrab_real,validation,CRITICAL
zgrab_Russia_587.json:98,Russia,zgrab_real,validation,CRITICAL
zgrab_Russia_587.json:99,Russia,zgrab_real,validation,CRITICAL
zgrab_Russia_587.json:100,Russia,zgrab_real,validation,CRITICAL
zgrab_UK_587.json:1,UK,zgrab_real,train,CRITICAL
zgrab_UK_587.json:2,UK,zgrab_real,train,HIGH
zgrab_UK_587.json:3,UK,zgrab_real,train,LOW_OR_MEDIUM
zgrab_UK_587.json:4,UK,zgrab_real,train,CRITICAL
zgrab_UK_587.json:5,UK,zgrab_real,train,CRITICAL
zgrab_UK_587.json:6,UK,zgrab_real,train,LOW_OR_MEDIUM
zgrab_UK_587.json:7,UK,zgrab_real,train,CRITICAL
zgrab_UK_587.json:8,UK,zgrab_real,train,CRITICAL
zgrab_UK_587.json:9,UK,zgrab_real,train,CRITICAL
zgrab_UK_587.json:10,UK,zgrab_real,train,LOW_OR_MEDIUM
zgrab_UK_587.json:11,UK,zgrab_real,train,CRITICAL
zgrab_UK_587.json:12,UK,zgrab_real,train,CRITICAL
zgrab_UK_587.json:13,UK,zgrab_real,train,CRITICAL
zgrab_UK_587.json:14,UK,zgrab_real,train,CRITICAL
zgrab_UK_587.json:15,UK,zgrab_real,train,HIGH
zgrab_UK_587.json:16,UK,zgrab_real,train,LOW_OR_MEDIUM
zgrab_UK_587.json:17,UK,zgrab_real,train,LOW_OR_MEDIUM
zgrab_UK_587.json:18,UK,zgrab_real,train,LOW_OR_MEDIUM
zgrab_UK_587.json:19,UK,zgrab_real,train,LOW_OR_MEDIUM
zgrab_UK_587.json:20,UK,zgrab_real,train,LOW_OR_MEDIUM
zgrab_UK_587.json:21,UK,zgrab_real,train,CRITICAL
zgrab_UK_587.json:22,UK,zgrab_real,train,CRITICAL
zgrab_UK_587.json:23,UK,zgrab_real,train,LOW_OR_MEDIUM
zgrab_UK_587.json:24,UK,zgrab_real,train,LOW_OR_MEDIUM
zgrab_UK_587.json:25,UK,zgrab_real,train,CRITICAL
zgrab_UK_587.json:26,UK,zgrab_real,train,CRITICAL
zgrab_UK_587.json:27,UK,zgrab_real,train,CRITICAL
zgrab_UK_587.json:28,UK,zgrab_real,train,CRITICAL
zgrab_UK_587.json:29,UK,zgrab_real,train,CRITICAL
zgrab_UK_587.json:30,UK,zgrab_real,train,LOW_OR_MEDIUM
zgrab_UK_587.json:31,UK,zgrab_real,train,CRITICAL
zgrab_UK_587.json:32,UK,zgrab_real,train,CRITICAL
zgrab_UK_587.json:33,UK,zgrab_real,train,CRITICAL
zgrab_UK_587.json:34,UK,zgrab_real,train,CRITICAL
zgrab_UK_587.json:35,UK,zgrab_real,train,CRITICAL
zgrab_UK_587.json:36,UK,zgrab_real,train,CRITICAL
zgrab_UK_587.json:37,UK,zgrab_real,train,CRITICAL
zgrab_UK_587.json:38,UK,zgrab_real,train,CRITICAL
zgrab_UK_587.json:39,UK,zgrab_real,train,CRITICAL
zgrab_UK_587.json:40,UK,zgrab_real,train,CRITICAL
zgrab_UK_587.json:41,UK,zgrab_real,train,CRITICAL
zgrab_UK_587.json:42,UK,zgrab_real,train,CRITICAL
zgrab_UK_587.json:43,UK,zgrab_real,train,CRITICAL
zgrab_UK_587.json:44,UK,zgrab_real,train,CRITICAL
zgrab_UK_587.json:45,UK,zgrab_real,train,CRITICAL
zgrab_UK_587.json:46,UK,zgrab_real,train,CRITICAL
zgrab_UK_587.json:47,UK,zgrab_real,train,CRITICAL
zgrab_UK_587.json:48,UK,zgrab_real,train,LOW_OR_MEDIUM
zgrab_UK_587.json:49,UK,zgrab_real,train,CRITICAL
zgrab_UK_587.json:50,UK,zgrab_real,train,CRITICAL
zgrab_UK_587.json:51,UK,zgrab_real,train,CRITICAL
zgrab_UK_587.json:52,UK,zgrab_real,train,CRITICAL
zgrab_UK_587.json:53,UK,zgrab_real,train,LOW_OR_MEDIUM
zgrab_UK_587.json:54,UK,zgrab_real,train,CRITICAL
zgrab_UK_587.json:55,UK,zgrab_real,train,CRITICAL
zgrab_UK_587.json:56,UK,zgrab_real,train,CRITICAL
zgrab_UK_587.json:58,UK,zgrab_real,train,CRITICAL
zgrab_UK_587.json:59,UK,zgrab_real,train,CRITICAL
zgrab_UK_587.json:60,UK,zgrab_real,train,CRITICAL
zgrab_UK_587.json:64,UK,zgrab_real,train,CRITICAL
zgrab_UK_587.json:65,UK,zgrab_real,train,CRITICAL
zgrab_UK_587.json:66,UK,zgrab_real,train,CRITICAL
zgrab_UK_587.json:67,UK,zgrab_real,train,CRITICAL
zgrab_UK_587.json:68,UK,zgrab_real,train,HIGH
zgrab_UK_587.json:69,UK,zgrab_real,train,LOW_OR_MEDIUM
zgrab_UK_587.json:70,UK,zgrab_real,train,CRITICAL
zgrab_UK_587.json:71,UK,zgrab_real,train,LOW_OR_MEDIUM
zgrab_UK_587.json:72,UK,zgrab_real,train,LOW_OR_MEDIUM
zgrab_UK_587.json:73,UK,zgrab_real,train,CRITICAL
zgrab_UK_587.json:74,UK,zgrab_real,train,CRITICAL
zgrab_UK_587.json:75,UK,zgrab_real,train,LOW_OR_MEDIUM
zgrab_UK_587.json:77,UK,zgrab_real,train,LOW_OR_MEDIUM
zgrab_UK_587.json:78,UK,zgrab_real,train,CRITICAL
zgrab_UK_587.json:79,UK,zgrab_real,train,CRITICAL
zgrab_UK_587.json:80,UK,zgrab_real,train,CRITICAL
zgrab_UK_587.json:81,UK,zgrab_real,train,CRITICAL
zgrab_UK_587.json:82,UK,zgrab_real,train,LOW_OR_MEDIUM
zgrab_UK_587.json:83,UK,zgrab_real,train,LOW_OR_MEDIUM
zgrab_UK_587.json:84,UK,zgrab_real,train,LOW_OR_MEDIUM
zgrab_UK_587.json:85,UK,zgrab_real,train,HIGH
zgrab_UK_587.json:86,UK,zgrab_real,train,CRITICAL
zgrab_UK_587.json:87,UK,zgrab_real,train,LOW_OR_MEDIUM
zgrab_UK_587.json:88,UK,zgrab_real,train,HIGH
zgrab_UK_587.json:89,UK,zgrab_real,train,LOW_OR_MEDIUM
zgrab_UK_587.json:90,UK,zgrab_real,train,LOW_OR_MEDIUM
zgrab_UK_587.json:91,UK,zgrab_real,train,LOW_OR_MEDIUM
zgrab_UK_587.json:92,UK,zgrab_real,train,LOW_OR_MEDIUM
zgrab_UK_587.json:93,UK,zgrab_real,train,LOW_OR_MEDIUM
zgrab_UK_587.json:94,UK,zgrab_real,train,LOW_OR_MEDIUM
zgrab_UK_587.json:95,UK,zgrab_real,train,CRITICAL
zgrab_UK_587.json:96,UK,zgrab_real,train,CRITICAL
zgrab_UK_587.json:97,UK,zgrab_real,train,LOW_OR_MEDIUM
zgrab_UK_587.json:98,UK,zgrab_real,train,LOW_OR_MEDIUM
zgrab_UK_587.json:99,UK,zgrab_real,train,LOW_OR_MEDIUM
zgrab_UK_587.json:100,UK,zgrab_real,train,LOW_OR_MEDIUM
zgrab_US_587.json:1,US,zgrab_real,train,LOW_OR_MEDIUM
zgrab_US_587.json:2,US,zgrab_real,train,LOW_OR_MEDIUM
zgrab_US_587.json:3,US,zgrab_real,train,LOW_OR_MEDIUM
zgrab_US_587.json:4,US,zgrab_real,train,LOW_OR_MEDIUM
zgrab_US_587.json:6,US,zgrab_real,train,LOW_OR_MEDIUM
zgrab_US_587.json:7,US,zgrab_real,train,CRITICAL
zgrab_US_587.json:8,US,zgrab_real,train,LOW_OR_MEDIUM
zgrab_US_587.json:9,US,zgrab_real,train,LOW_OR_MEDIUM
zgrab_US_587.json:10,US,zgrab_real,train,LOW_OR_MEDIUM
zgrab_US_587.json:11,US,zgrab_real,train,LOW_OR_MEDIUM
zgrab_US_587.json:12,US,zgrab_real,train,LOW_OR_MEDIUM
zgrab_US_587.json:13,US,zgrab_real,train,LOW_OR_MEDIUM
zgrab_US_587.json:14,US,zgrab_real,train,LOW_OR_MEDIUM
zgrab_US_587.json:15,US,zgrab_real,train,LOW_OR_MEDIUM
zgrab_US_587.json:16,US,zgrab_real,train,LOW_OR_MEDIUM
zgrab_US_587.json:17,US,zgrab_real,train,LOW_OR_MEDIUM
zgrab_US_587.json:18,US,zgrab_real,train,CRITICAL
zgrab_US_587.json:19,US,zgrab_real,train,CRITICAL
zgrab_US_587.json:20,US,zgrab_real,train,CRITICAL
zgrab_US_587.json:21,US,zgrab_real,train,HIGH
zgrab_US_587.json:22,US,zgrab_real,train,CRITICAL
zgrab_US_587.json:23,US,zgrab_real,train,CRITICAL
zgrab_US_587.json:24,US,zgrab_real,train,CRITICAL
zgrab_US_587.json:25,US,zgrab_real,train,CRITICAL
zgrab_US_587.json:26,US,zgrab_real,train,CRITICAL
zgrab_US_587.json:27,US,zgrab_real,train,CRITICAL
zgrab_US_587.json:28,US,zgrab_real,train,CRITICAL
zgrab_US_587.json:29,US,zgrab_real,train,CRITICAL
zgrab_US_587.json:30,US,zgrab_real,train,LOW_OR_MEDIUM
zgrab_US_587.json:31,US,zgrab_real,train,CRITICAL
zgrab_US_587.json:32,US,zgrab_real,train,CRITICAL
zgrab_US_587.json:33,US,zgrab_real,train,CRITICAL
zgrab_US_587.json:34,US,zgrab_real,train,CRITICAL
zgrab_US_587.json:35,US,zgrab_real,train,CRITICAL
zgrab_US_587.json:36,US,zgrab_real,train,CRITICAL
zgrab_US_587.json:37,US,zgrab_real,train,HIGH
zgrab_US_587.json:38,US,zgrab_real,train,LOW_OR_MEDIUM
zgrab_US_587.json:39,US,zgrab_real,train,LOW_OR_MEDIUM
zgrab_US_587.json:40,US,zgrab_real,train,CRITICAL
zgrab_US_587.json:41,US,zgrab_real,train,CRITICAL
zgrab_US_587.json:42,US,zgrab_real,train,CRITICAL
zgrab_US_587.json:43,US,zgrab_real,train,CRITICAL
zgrab_US_587.json:44,US,zgrab_real,train,CRITICAL
zgrab_US_587.json:45,US,zgrab_real,train,LOW_OR_MEDIUM
zgrab_US_587.json:46,US,zgrab_real,train,LOW_OR_MEDIUM
zgrab_US_587.json:47,US,zgrab_real,train,LOW_OR_MEDIUM
zgrab_US_587.json:48,US,zgrab_real,train,CRITICAL
zgrab_US_587.json:49,US,zgrab_real,train,LOW_OR_MEDIUM
zgrab_US_587.json:50,US,zgrab_real,train,CRITICAL
zgrab_US_587.json:51,US,zgrab_real,train,LOW_OR_MEDIUM
zgrab_US_587.json:52,US,zgrab_real,train,LOW_OR_MEDIUM
zgrab_US_587.json:53,US,zgrab_real,train,LOW_OR_MEDIUM
zgrab_US_587.json:54,US,zgrab_real,train,CRITICAL
zgrab_US_587.json:55,US,zgrab_real,train,LOW_OR_MEDIUM
zgrab_US_587.json:56,US,zgrab_real,train,LOW_OR_MEDIUM
zgrab_US_587.json:57,US,zgrab_real,train,LOW_OR_MEDIUM
zgrab_US_587.json:58,US,zgrab_real,train,LOW_OR_MEDIUM
zgrab_US_587.json:59,US,zgrab_real,train,LOW_OR_MEDIUM
zgrab_US_587.json:60,US,zgrab_real,train,LOW_OR_MEDIUM
zgrab_US_587.json:61,US,zgrab_real,train,HIGH
zgrab_US_587.json:62,US,zgrab_real,train,LOW_OR_MEDIUM
zgrab_US_587.json:63,US,zgrab_real,train,LOW_OR_MEDIUM
zgrab_US_587.json:64,US,zgrab_real,train,LOW_OR_MEDIUM
zgrab_US_587.json:65,US,zgrab_real,train,LOW_OR_MEDIUM
zgrab_US_587.json:67,US,zgrab_real,train,LOW_OR_MEDIUM
zgrab_US_587.json:68,US,zgrab_real,train,LOW_OR_MEDIUM
zgrab_US_587.json:69,US,zgrab_real,train,LOW_OR_MEDIUM
zgrab_US_587.json:70,US,zgrab_real,train,LOW_OR_MEDIUM
zgrab_US_587.json:71,US,zgrab_real,train,CRITICAL
zgrab_US_587.json:72,US,zgrab_real,train,LOW_OR_MEDIUM
zgrab_US_587.json:73,US,zgrab_real,train,LOW_OR_MEDIUM
zgrab_US_587.json:74,US,zgrab_real,train,LOW_OR_MEDIUM
zgrab_US_587.json:75,US,zgrab_real,train,CRITICAL
zgrab_US_587.json:76,US,zgrab_real,train,CRITICAL
zgrab_US_587.json:77,US,zgrab_real,train,CRITICAL
zgrab_US_587.json:78,US,zgrab_real,train,CRITICAL
zgrab_US_587.json:79,US,zgrab_real,train,CRITICAL
zgrab_US_587.json:80,US,zgrab_real,train,CRITICAL
zgrab_US_587.json:81,US,zgrab_real,train,CRITICAL
zgrab_US_587.json:82,US,zgrab_real,train,CRITICAL
zgrab_US_587.json:83,US,zgrab_real,train,CRITICAL
zgrab_US_587.json:84,US,zgrab_real,train,CRITICAL
zgrab_US_587.json:86,US,zgrab_real,train,CRITICAL
zgrab_US_587.json:87,US,zgrab_real,train,CRITICAL
zgrab_US_587.json:88,US,zgrab_real,train,CRITICAL
zgrab_US_587.json:89,US,zgrab_real,train,LOW_OR_MEDIUM
zgrab_US_587.json:90,US,zgrab_real,train,LOW_OR_MEDIUM
zgrab_US_587.json:91,US,zgrab_real,train,HIGH
zgrab_US_587.json:92,US,zgrab_real,train,LOW_OR_MEDIUM
zgrab_US_587.json:93,US,zgrab_real,train,CRITICAL
zgrab_US_587.json:94,US,zgrab_real,train,LOW_OR_MEDIUM
zgrab_US_587.json:95,US,zgrab_real,train,LOW_OR_MEDIUM
zgrab_US_587.json:96,US,zgrab_real,train,LOW_OR_MEDIUM
zgrab_US_587.json:97,US,zgrab_real,train,LOW_OR_MEDIUM
zgrab_US_587.json:98,US,zgrab_real,train,LOW_OR_MEDIUM
zgrab_US_587.json:99,US,zgrab_real,train,CRITICAL
zgrab_US_587.json:100,US,zgrab_real,train,LOW_OR_MEDIUM
