record_id,country_group,data_source,split,risk_tier_proxy
zgrab_587_Australia.json:2,Australia,zgrab_real,validation,LOW
zgrab_587_Australia.json:3,Australia,zgrab_real,validation,LOW
zgrab_587_Australia.json:4,Australia,zgrab_real,validation,LOW
zgrab_587_Australia.json:5,Australia,zgrab_real,validation,LOW
zgrab_587_Australia.json:6,Australia,zgrab_real,validation,LOW
zgrab_587_Australia.json:7,Australia,zgrab_real,validation,LOW
zgrab_587_Australia.json:8,Australia,zgrab_real,validation,LOW
zgrab_587_Australia.json:9,Australia,zgrab_real,validation,LOW
zgrab_587_Australia.json:10,Australia,zgrab_real,validation,LOW
zgrab_587_Australia.json:11,Australia,zgrab_real,validation,LOW
zgrab_587_Australia.json:12,Australia,zgrab_real,validation,LOW
zgrab_587_Australia.json:13,Australia,zgrab_real,validation,LOW
zgrab_587_Australia.json:14,Australia,zgrab_real,validation,LOW
zgrab_587_Australia.json:15,Australia,zgrab_real,validation,LOW
zgrab_587_Australia.json:16,Australia,zgrab_real,validation,LOW
zgrab_587_Australia.json:17,Australia,zgrab_real,validation,LOW
zgrab_587_Australia.json:18,Australia,zgrab_real,validation,LOW
zgrab_587_Australia.json:19,Australia,zgrab_real,validation,LOW
zgrab_587_Australia.json:30,Australia,zgrab_real,validation,LOW
zgrab_587_Australia.json:31,Australia,zgrab_real,validation,LOW
zgrab_587_Australia.json:33,Australia,zgrab_real,validation,LOW
zgrab_587_Australia.json:34,Australia,zgrab_real,validation,LOW
zgrab_587_Australia.json:35,Australia,zgrab_real,validation,LOW
zgrab_587_Australia.json:36,Australia,zgrab_real,validation,LOW
zgrab_587_Australia.json:38,Australia,zgrab_real,validation,LOW
zgrab_587_Australia.json:39,Australia,zgrab_real,validation,LOW
zgrab_587_Australia.json:40,Australia,zgrab_real,validation,MEDIUM
zgrab_587_Australia.json:44,Australia,zgrab_real,validation,LOW
zgrab_587_Australia.json:45,Australia,zgrab_real,validation,LOW
zgrab_587_Australia.json:46,Australia,zgrab_real,validation,LOW
zgrab_587_Australia.json:48,Australia,zgrab_real,validation,LOW
zgrab_587_Australia.json:50,Australia,zgrab_real,validation,LOW
zgrab_587_Australia.json:51,Australia,zgrab_real,validation,LOW
zgrab_587_Australia.json:52,Australia,zgrab_real,validation,LOW
zgrab_587_Australia.json:54,Australia,zgrab_real,validation,LOW
zgrab_587_Australia.json:55,Australia,zgrab_real,validation,MEDIUM
zgrab_587_Australia.json:56,Australia,zgrab_real,validation,LOW
zgrab_587_Australia.json:57,Australia,zgrab_real,validation,LOW
zgrab_587_Australia.json:58,Australia,zgrab_real,validation,LOW
zgrab_587_Australia.json:59,Australia,zgrab_real,validation,LOW
zgrab_587_Australia.json:60,Australia,zgrab_real,validation,LOW
zgrab_587_Australia.json:62,Australia,zgrab_real,validation,LOW
zgrab_587_Australia.json:64,Australia,zgrab_real,validation,LOW
zgrab_587_Australia.json:65,Australia,zgrab_real,validation,LOW
zgrab_587_Australia.json:67,Australia,zgrab_real,validation,MEDIUM
zgrab_587_Australia.json:68,Australia,zgrab_real,validation,MEDIUM
zgrab_587_Australia.json:69,Australia,zgrab_real,validation,LOW
zgrab_587_Australia.json:73,Australia,zgrab_real,validation,LOW
zgrab_587_Australia.json:74,Australia,zgrab_real,validation,LOW
zgrab_587_Australia.json:76,Australia,zgrab_real,validation,MEDIUM
zgrab_587_Australia.json:79,Australia,zgrab_real,validation,MEDIUM
zgrab_587_Australia.json:81,Australia,zgrab_real,validation,LOW
zgrab_587_Australia.json:82,Australia,zgrab_real,validation,LOW
zgrab_587_Australia.json:83,Australia,zgrab_real,validation,LOW
zgrab_587_Australia.json:84,Australia,zgrab_real,validation,LOW
zgrab_587_Australia.json:85,Australia,zgrab_real,validation,LOW
zgrab_587_Australia.json:86,Australia,zgrab_real,validation,LOW
zgrab_587_Australia.json:88,Australia,zgrab_real,validation,LOW
zgrab_587_Australia.json:89,Australia,zgrab_real,validation,LOW
zgrab_587_Australia.json:91,Australia,zgrab_real,validation,LOW
zgrab_587_Australia.json:92,Australia,zgrab_real,validation,LOW
zgrab_587_Australia.json:93,Australia,zgrab_real,validation,LOW
zgrab_587_Australia.json:94,Australia,zgrab_real,validation,LOW
zgrab_587_Australia.json:95,Australia,zgrab_real,validation,LOW
zgrab_587_Australia.json:96,Australia,zgrab_real,validation,LOW
zgrab_587_Australia.json:97,Australia,zgrab_real,validation,LOW
zgrab_587_Australia.json:98,Australia,zgrab_real,validation,LOW
zgrab_587_Australia.json:99,Australia,zgrab_real,validation,LOW
zgrab_587_Brazil.json:1,Brazil,zgrab_real,train,LOW
zgrab_587_Brazil.json:2,Brazil,zgrab_real,train,LOW
zgrab_587_Brazil.json:3,Brazil,zgrab_real,train,LOW
zgrab_587_Brazil.json:4,Brazil,zgrab_real,train,LOW
zgrab_587_Brazil.json:6,Brazil,zgrab_real,train,LOW
zgrab_587_Brazil.json:8,Brazil,zgrab_real,train,LOW
zgrab_587_Brazil.json:9,Brazil,zgrab_real,train,LOW
zgrab_587_Brazil.json:10,Brazil,zgrab_real,train,LOW
zgrab_587_Brazil.json:11,Brazil,zgrab_real,train,LOW
zgrab_587_Brazil.json:12,Brazil,zgrab_real,train,LOW
zgrab_587_Brazil.json:13,Brazil,zgrab_real,train,LOW
zgrab_587_Brazil.json:14,Brazil,zgrab_real,train,LOW
zgrab_587_Brazil.json:15,Brazil,zgrab_real,train,LOW
zgrab_587_Brazil.json:16,Brazil,zgrab_real,train,LOW
zgrab_587_Brazil.json:17,Brazil,zgrab_real,train,LOW
zgrab_587_Brazil.json:18,Brazil,zgrab_real,train,LOW
zgrab_587_Brazil.json:19,Brazil,zgrab_real,train,LOW
zgrab_587_Brazil.json:20,Brazil,zgrab_real,train,LOW
zgrab_587_Brazil.json:21,Brazil,zgrab_real,train,LOW
zgrab_587_Brazil.json:22,Brazil,zgrab_real,train,LOW
zgrab_587_Brazil.json:23,Brazil,zgrab_real,train,LOW
zgrab_587_Brazil.json:24,Brazil,zgrab_real,train,LOW
zgrab_587_Brazil.json:25,Brazil,zgrab_real,train,LOW
zgrab_587_Brazil.json:27,Brazil,zgrab_real,train,LOW
zgrab_587_Brazil.json:28,Brazil,zgrab_real,train,LOW
zgrab_587_Brazil.json:29,Brazil,zgrab_real,train,LOW
zgrab_587_Brazil.json:30,Brazil,zgrab_real,train,LOW
zgrab_587_Brazil.json:32,Brazil,zgrab_real,train,LOW
zgrab_587_Brazil.json:33,Brazil,zgrab_real,train,LOW
zgrab_587_Brazil.json:37,Brazil,zgrab_real,train,LOW
zgrab_587_Brazil.json:38,Brazil,zgrab_real,train,LOW
zgrab_587_Brazil.json:39,Brazil,zgrab_real,train,LOW
zgrab_587_Brazil.json:42,Brazil,zgrab_real,train,LOW
zgrab_587_Brazil.json:43,Brazil,zgrab_real,train,LOW
zgrab_587_Brazil.json:44,Brazil,zgrab_real,train,LOW
zgrab_587_Brazil.json:45,Brazil,zgrab_real,train,LOW
zgrab_587_Brazil.json:46,Brazil,zgrab_real,train,LOW
zgrab_587_Brazil.json:47,Brazil,zgrab_real,train,LOW
zgrab_587_Brazil.json:58,Brazil,zgrab_real,train,MEDIUM
zgrab_587_Brazil.json:67,Brazil,zgrab_real,train,LOW
zgrab_587_Brazil.json:68,Brazil,zgrab_real,train,LOW
zgrab_587_Brazil.json:69,Brazil,zgrab_real,train,MEDIUM
zgrab_587_Brazil.json:85,Brazil,zgrab_real,train,LOW
zgrab_587_Brazil.json:88,Brazil,zgrab_real,train,LOW
zgrab_587_Brazil.json:90,Brazil,zgrab_real,train,MEDIUM
zgrab_587_Brazil.json:91,Brazil,zgrab_real,train,LOW
zgrab_587_Brazil.json:94,Brazil,zgrab_real,train,MEDIUM
zgrab_587_Brazil.json:98,Brazil,zgrab_real,train,MEDIUM
zgrab_587_Canada.json:6,Canada,zgrab_real,test,LOW
zgrab_587_Canada.json:9,Canada,zgrab_real,test,MEDIUM
zgrab_587_Canada.json:11,Canada,zgrab_real,test,LOW
zgrab_587_Canada.json:12,Canada,zgrab_real,test,LOW
zgrab_587_Canada.json:17,Canada,zgrab_real,test,LOW
zgrab_587_Canada.json:18,Canada,zgrab_real,test,LOW
zgrab_587_Canada.json:19,Canada,zgrab_real,test,MEDIUM
zgrab_587_Canada.json:21,Canada,zgrab_real,test,LOW
zgrab_587_Canada.json:23,Canada,zgrab_real,test,LOW
zgrab_587_Canada.json:41,Canada,zgrab_real,test,LOW
zgrab_587_Canada.json:53,Canada,zgrab_real,test,LOW
zgrab_587_Canada.json:54,Canada,zgrab_real,test,LOW
zgrab_587_Canada.json:55,Canada,zgrab_real,test,LOW
zgrab_587_Canada.json:56,Canada,zgrab_real,test,LOW
zgrab_587_Canada.json:57,Canada,zgrab_real,test,LOW
zgrab_587_Canada.json:58,Canada,zgrab_real,test,LOW
zgrab_587_Canada.json:59,Canada,zgrab_real,test,LOW
zgrab_587_Canada.json:60,Canada,zgrab_real,test,LOW
zgrab_587_Canada.json:61,Canada,zgrab_real,test,LOW
zgrab_587_Canada.json:63,Canada,zgrab_real,test,LOW
zgrab_587_Canada.json:64,Canada,zgrab_real,test,LOW
zgrab_587_Canada.json:65,Canada,zgrab_real,test,LOW
zgrab_587_Canada.json:66,Canada,zgrab_real,test,LOW
zgrab_587_Canada.json:70,Canada,zgrab_real,test,LOW
zgrab_587_Canada.json:71,Canada,zgrab_real,test,LOW
zgrab_587_Canada.json:72,Canada,zgrab_real,test,LOW
zgrab_587_Canada.json:73,Canada,zgrab_real,test,LOW
zgrab_587_Canada.json:74,Canada,zgrab_real,test,LOW
zgrab_587_Canada.json:76,Canada,zgrab_real,test,LOW
zgrab_587_Canada.json:77,Canada,zgrab_real,test,LOW
zgrab_587_Canada.json:78,Canada,zgrab_real,test,LOW
zgrab_587_Canada.json:84,Canada,zgrab_real,test,LOW
zgrab_587_Canada.json:85,Canada,zgrab_real,test,LOW
zgrab_587_Canada.json:87,Canada,zgrab_real,test,LOW
zgrab_587_Canada.json:89,Canada,zgrab_real,test,LOW
zgrab_587_Canada.json:90,Canada,zgrab_real,test,LOW
zgrab_587_Canada.json:91,Canada,zgrab_real,test,LOW
zgrab_587_Canada.json:92,Canada,zgrab_real,test,LOW
zgrab_587_Canada.json:93,Canada,zgrab_real,test,LOW
zgrab_587_Canada.json:94,Canada,zgrab_real,test,LOW
zgrab_587_Canada.json:95,Canada,zgrab_real,test,LOW
zgrab_587_Canada.json:96,Canada,zgrab_real,test,LOW
zgrab_587_Canada.json:97,Canada,zgrab_real,test,HIGH
zgrab_587_Canada.json:99,Canada,zgrab_real,test,LOW
zgrab_587_Italy.json:4,Italy,zgrab_real,test,HIGH
zgrab_587_Italy.json:32,Italy,zgrab_real,test,LOW
zgrab_587_Italy.json:36,Italy,zgrab_real,test,LOW
zgrab_587_Italy.json:44,Italy,zgrab_real,test,LOW
zgrab_587_Italy.json:45,Italy,zgrab_real,test,LOW
zgrab_587_Italy.json:46,Italy,zgrab_real,test,LOW
zgrab_587_Italy.json:50,Italy,zgrab_real,test,HIGH
zgrab_587_Italy.json:66,Italy,zgrab_real,test,LOW
zgrab_587_Italy.json:68,Italy,zgrab_real,test,LOW
zgrab_587_Italy.json:69,Italy,zgrab_real,test,HIGH
zgrab_587_Italy.json:70,Italy,zgrab_real,test,LOW
zgrab_587_Italy.json:91,Italy,zgrab_real,test,LOW
zgrab_587_Japan.json:15,Japan,zgrab_real,train,LOW
zgrab_587_Japan.json:16,Japan,zgrab_real,train,LOW
zgrab_587_Mexico.json:2,Mexico,zgrab_real,train,MEDIUM
zgrab_587_Mexico.json:3,Mexico,zgrab_real,train,MEDIUM
zgrab_587_Mexico.json:8,Mexico,zgrab_real,train,MEDIUM
zgrab_587_Mexico.json:11,Mexico,zgrab_real,train,LOW
zgrab_587_Mexico.json:17,Mexico,zgrab_real,train,LOW
zgrab_587_Mexico.json:28,Mexico,zgrab_real,train,HIGH
zgrab_587_Mexico.json:32,Mexico,zgrab_real,train,LOW
zgrab_587_Mexico.json:33,Mexico,zgrab_real,train,LOW
zgrab_587_Mexico.json:34,Mexico,zgrab_real,train,LOW
zgrab_587_Mexico.json:37,Mexico,zgrab_real,train,LOW
zgrab_587_Mexico.json:38,Mexico,zgrab_real,train,LOW
zgrab_587_Mexico.json:39,Mexico,zgrab_real,train,LOW
zgrab_587_Mexico.json:40,Mexico,zgrab_real,train,LOW
zgrab_587_Mexico.json:41,Mexico,zgrab_real,train,LOW
zgrab_587_Mexico.json:42,Mexico,zgrab_real,train,LOW
zgrab_587_Mexico.json:43,Mexico,zgrab_real,train,LOW
zgrab_587_Mexico.json:55,Mexico,zgrab_real,train,LOW
zgrab_587_Mexico.json:67,Mexico,zgrab_real,train,LOW
zgrab_587_Mexico.json:70,Mexico,zgrab_real,train,LOW
zgrab_587_Mexico.json:71,Mexico,zgrab_real,train,LOW
zgrab_587_Mexico.json:72,Mexico,zgrab_real,train,LOW
zgrab_587_Mexico.json:73,Mexico,zgrab_real,train,LOW
zgrab_587_Mexico.json:74,Mexico,zgrab_real,train,LOW
zgrab_587_Mexico.json:75,Mexico,zgrab_real,train,LOW
zgrab_587_Mexico.json:76,Mexico,zgrab_real,train,LOW
zgrab_587_Mexico.json:77,Mexico,zgrab_real,train,LOW
zgrab_587_Mexico.json:78,Mexico,zgrab_real,train,LOW
zgrab_587_Mexico.json:79,Mexico,zgrab_real,train,LOW
zgrab_587_Mexico.json:80,Mexico,zgrab_real,train,LOW
zgrab_587_Mexico.json:81,Mexico,zgrab_real,train,LOW
zgrab_587_Mexico.json:82,Mexico,zgrab_real,train,LOW
zgrab_587_Mexico.json:83,Mexico,zgrab_real,train,LOW
zgrab_587_Mexico.json:84,Mexico,zgrab_real,train,LOW
zgrab_587_Mexico.json:85,Mexico,zgrab_real,train,LOW
zgrab_587_Mexico.json:86,Mexico,zgrab_real,train,LOW
zgrab_587_Mexico.json:87,Mexico,zgrab_real,train,LOW
zgrab_587_Mexico.json:88,Mexico,zgrab_real,train,LOW
zgrab_587_Mexico.json:89,Mexico,zgrab_real,train,LOW
zgrab_587_Mexico.json:90,Mexico,zgrab_real,train,LOW
zgrab_587_Mexico.json:91,Mexico,zgrab_real,train,LOW
zgrab_587_Mexico.json:92,Mexico,zgrab_real,train,LOW
zgrab_587_Mexico.json:93,Mexico,zgrab_real,train,LOW
zgrab_587_Mexico.json:94,Mexico,zgrab_real,train,LOW
zgrab_587_Mexico.json:95,Mexico,zgrab_real,train,LOW
zgrab_587_Mexico.json:96,Mexico,zgrab_real,train,LOW
zgrab_587_Mexico.json:97,Mexico,zgrab_real,train,LOW
zgrab_587_Mexico.json:98,Mexico,zgrab_real,train,LOW
zgrab_587_Mexico.json:99,Mexico,zgrab_real,train,LOW
zgrab_587_Mexico.json:100,Mexico,zgrab_real,train,LOW
zgrab_587_Singapore.json:15,Singapore,zgrab_real,train,LOW
zgrab_587_Singapore.json:21,Singapore,zgrab_real,train,MEDIUM
zgrab_587_Singapore.json:22,Singapore,zgrab_real,train,MEDIUM
zgrab_587_Singapore.json:23,Singapore,zgrab_real,train,MEDIUM
zgrab_587_Singapore.json:24,Singapore,zgrab_real,train,MEDIUM
zgrab_587_Singapore.json:33,Singapore,zgrab_real,train,LOW
zgrab_587_Singapore.json:35,Singapore,zgrab_real,train,LOW
zgrab_587_Singapore.json:36,Singapore,zgrab_real,train,LOW
zgrab_587_Singapore.json:37,Singapore,zgrab_real,train,LOW
zgrab_587_Singapore.json:39,Singapore,zgrab_real,train,LOW
zgrab_587_Singapore.json:40,Singapore,zgrab_real,train,LOW
zgrab_587_Singapore.json:41,Singapore,zgrab_real,train,LOW
zgrab_587_Singapore.json:42,Singapore,zgrab_real,train,LOW
zgrab_587_Singapore.json:43,Singapore,zgrab_real,train,LOW
zgrab_587_Singapore.json:44,Singapore,zgrab_real,train,LOW
zgrab_587_Singapore.json:46,Singapore,zgrab_real,train,LOW
zgrab_587_Singapore.json:47,Singapore,zgrab_real,train,LOW
zgrab_587_Singapore.json:48,Singapore,zgrab_real,train,LOW
zgrab_587_Singapore.json:49,Singapore,zgrab_real,train,LOW
zgrab_587_Singapore.json:50,Singapore,zgrab_real,train,LOW
zgrab_587_Singapore.json:51,Singapore,zgrab_real,train,LOW
zgrab_587_Singapore.json:52,Singapore,zgrab_real,train,LOW
zgrab_587_Singapore.json:53,Singapore,zgrab_real,train,LOW
zgrab_587_Singapore.json:54,Singapore,zgrab_real,train,LOW
zgrab_587_Singapore.json:55,Singapore,zgrab_real,train,LOW
zgrab_587_Singapore.json:57,Singapore,zgrab_real,train,HIGH
zgrab_587_Singapore.json:59,Singapore,zgrab_real,train,MEDIUM
zgrab_587_Singapore.json:60,Singapore,zgrab_real,train,LOW
zgrab_587_Singapore.json:62,Singapore,zgrab_real,train,MEDIUM
zgrab_587_Singapore.json:64,Singapore,zgrab_real,train,LOW
zgrab_587_Singapore.json:65,Singapore,zgrab_real,train,LOW
zgrab_587_Singapore.json:66,Singapore,zgrab_real,train,LOW
zgrab_587_Singapore.json:67,Singapore,zgrab_real,train,LOW
zgrab_587_Singapore.json:68,Singapore,zgrab_real,train,LOW
zgrab_587_Singapore.json:69,Singapore,zgrab_real,train,LOW
zgrab_587_Singapore.json:70,Singapore,zgrab_real,train,LOW
zgrab_587_Singapore.json:71,Singapore,zgrab_real,train,LOW
zgrab_587_Singapore.json:73,Singapore,zgrab_real,train,LOW
zgrab_587_Singapore.json:75,Singapore,zgrab_real,train,LOW
zgrab_587_Singapore.json:76,Singapore,zgrab_real,train,LOW
zgrab_587_Singapore.json:77,Singapore,zgrab_real,train,LOW
zgrab_587_Singapore.json:78,Singapore,zgrab_real,train,LOW
zgrab_587_Singapore.json:79,Singapore,zgrab_real,train,LOW
zgrab_587_Singapore.json:80,Singapore,zgrab_real,train,LOW
zgrab_587_Singapore.json:81,Singapore,zgrab_real,train,LOW
zgrab_587_Singapore.json:82,Singapore,zgrab_real,train,LOW
zgrab_587_Singapore.json:83,Singapore,zgrab_real,train,LOW
zgrab_587_Singapore.json:84,Singapore,zgrab_real,train,LOW
zgrab_587_Singapore.json:85,Singapore,zgrab_real,train,LOW
zgrab_587_Singapore.json:88,Singapore,zgrab_real,train,LOW
zgrab_587_Singapore.json:89,Singapore,zgrab_real,train,LOW
zgrab_587_Singapore.json:90,Singapore,zgrab_real,train,LOW
zgrab_587_Singapore.json:91,Singapore,zgrab_real,train,LOW
zgrab_587_Singapore.json:92,Singapore,zgrab_real,train,LOW
zgrab_587_Singapore.json:93,Singapore,zgrab_real,train,LOW
zgrab_587_Singapore.json:94,Singapore,zgrab_real,train,LOW
zgrab_587_Singapore.json:95,Singapore,zgrab_real,train,LOW
zgrab_587_Singapore.json:96,Singapore,zgrab_real,train,LOW
zgrab_587_Singapore.json:98,Singapore,zgrab_real,train,LOW
zgrab_587_Singapore.json:99,Singapore,zgrab_real,train,LOW
zgrab_587_Singapore.json:100,Singapore,zgrab_real,train,LOW
zgrab_587_South_Korea.json:10,South_Korea,zgrab_real,test,LOW
zgrab_587_South_Korea.json:90,South_Korea,zgrab_real,test,HIGH
zgrab_587_South_Korea.json:91,South_Korea,zgrab_real,test,HIGH
zgrab_587_South_Korea.json:92,South_Korea,zgrab_real,test,HIGH
zgrab_587_South_Korea.json:95,South_Korea,zgrab_real,test,HIGH
zgrab_587_South_Korea.json:96,South_Korea,zgrab_real,test,HIGH
zgrab_587_South_Korea.json:99,South_Korea,zgrab_real,test,LOW
zgrab_587_Spain.json:32,Spain,zgrab_real,test,LOW
zgrab_587_Spain.json:40,Spain,zgrab_real,test,LOW
zgrab_587_Spain.json:41,Spain,zgrab_real,test,LOW
zgrab_587_Spain.json:42,Spain,zgrab_real,test,LOW
zgrab_587_Spain.json:43,Spain,zgrab_real,test,LOW
zgrab_587_Spain.json:46,Spain,zgrab_real,test,MEDIUM
zgrab_587_Spain.json:47,Spain,zgrab_real,test,LOW
zgrab_587_Spain.json:48,Spain,zgrab_real,test,LOW
zgrab_587_Spain.json:57,Spain,zgrab_real,test,LOW
zgrab_587_Spain.json:60,Spain,zgrab_real,test,LOW
zgrab_587_Spain.json:61,Spain,zgrab_real,test,LOW
zgrab_587_Spain.json:64,Spain,zgrab_real,test,LOW
zgrab_587_Spain.json:65,Spain,zgrab_real,test,HIGH
zgrab_587_Spain.json:71,Spain,zgrab_real,test,LOW
zgrab_587_Spain.json:76,Spain,zgrab_real,test,LOW
zgrab_587_Spain.json:77,Spain,zgrab_real,test,LOW
zgrab_587_Spain.json:78,Spain,zgrab_real,test,HIGH
zgrab_587_Spain.json:79,Spain,zgrab_real,test,LOW
zgrab_587_Spain.json:83,Spain,zgrab_real,test,LOW
zgrab_587_Spain.json:85,Spain,zgrab_real,test,LOW
zgrab_587_Spain.json:87,Spain,zgrab_real,test,LOW
zgrab_587_Spain.json:89,Spain,zgrab_real,test,LOW
zgrab_587_Spain.json:90,Spain,zgrab_real,test,LOW
zgrab_587_Spain.json:91,Spain,zgrab_real,test,MEDIUM
zgrab_587_Spain.json:92,Spain,zgrab_real,test,MEDIUM
zgrab_587_Spain.json:93,Spain,zgrab_real,test,LOW
zgrab_587_Spain.json:94,Spain,zgrab_real,test,LOW
zgrab_587_Spain.json:96,Spain,zgrab_real,test,LOW
zgrab_587_Spain.json:97,Spain,zgrab_real,test,LOW
zgrab_587_Spain.json:99,Spain,zgrab_real,test,LOW
zgrab_587_Spain.json:100,Spain,zgrab_real,test,LOW
zgrab_France_587.json:11,France,zgrab_real,train,LOW
zgrab_France_587.json:30,France,zgrab_real,train,LOW
zgrab_France_587.json:34,France,zgrab_real,train,LOW
zgrab_France_587.json:38,France,zgrab_real,train,LOW
zgrab_France_587.json:48,France,zgrab_real,train,LOW
zgrab_France_587.json:52,France,zgrab_real,train,MEDIUM
zgrab_France_587.json:76,France,zgrab_real,train,LOW
zgrab_France_587.json:87,France,zgrab_real,train,LOW
zgrab_France_587.json:93,France,zgrab_real,train,LOW
zgrab_France_587.json:97,France,zgrab_real,train,LOW
zgrab_Germany_587.json:2,Germany,zgrab_real,train,MEDIUM
zgrab_Germany_587.json:16,Germany,zgrab_real,train,LOW
zgrab_Germany_587.json:23,Germany,zgrab_real,train,LOW
zgrab_Germany_587.json:31,Germany,zgrab_real,train,LOW
zgrab_Germany_587.json:35,Germany,zgrab_real,train,LOW
zgrab_Germany_587.json:45,Germany,zgrab_real,train,MEDIUM
zgrab_Germany_587.json:50,Germany,zgrab_real,train,MEDIUM
zgrab_Germany_587.json:75,Germany,zgrab_real,train,MEDIUM
zgrab_Germany_587.json:76,Germany,zgrab_real,train,LOW
zgrab_Germany_587.json:86,Germany,zgrab_real,train,LOW
zgrab_India_587.json:10,India,zgrab_real,validation,LOW
zgrab_India_587.json:12,India,zgrab_real,validation,HIGH
zgrab_India_587.json:16,India,zgrab_real,validation,MEDIUM
zgrab_India_587.json:18,India,zgrab_real,validation,LOW
zgrab_India_587.json:19,India,zgrab_real,validation,LOW
zgrab_India_587.json:21,India,zgrab_real,validation,LOW
zgrab_India_587.json:22,India,zgrab_real,validation,LOW
zgrab_India_587.json:26,India,zgrab_real,validation,MEDIUM
zgrab_India_587.json:28,India,zgrab_real,validation,LOW
zgrab_India_587.json:40,India,zgrab_real,validation,LOW
zgrab_India_587.json:44,India,zgrab_real,validation,LOW
zgrab_India_587.json:45,India,zgrab_real,validation,LOW
zgrab_India_587.json:46,India,zgrab_real,validation,LOW
zgrab_India_587.json:47,India,zgrab_real,validation,LOW
zgrab_India_587.json:48,India,zgrab_real,validation,LOW
zgrab_India_587.json:49,India,zgrab_real,validation,LOW
zgrab_India_587.json:50,India,zgrab_real,validation,LOW
zgrab_India_587.json:51,India,zgrab_real,validation,LOW
zgrab_India_587.json:52,India,zgrab_real,validation,LOW
zgrab_India_587.json:53,India,zgrab_real,validation,LOW
zgrab_India_587.json:54,India,zgrab_real,validation,LOW
zgrab_India_587.json:58,India,zgrab_real,validation,LOW
zgrab_India_587.json:59,India,zgrab_real,validation,LOW
zgrab_India_587.json:60,India,zgrab_real,validation,LOW
zgrab_India_587.json:61,India,zgrab_real,validation,LOW
zgrab_India_587.json:62,India,zgrab_real,validation,LOW
zgrab_India_587.json:63,India,zgrab_real,validation,LOW
zgrab_India_587.json:64,India,zgrab_real,validation,LOW
zgrab_India_587.json:65,India,zgrab_real,validation,LOW
zgrab_India_587.json:66,India,zgrab_real,validation,LOW
zgrab_India_587.json:67,India,zgrab_real,validation,LOW
zgrab_India_587.json:70,India,zgrab_real,validation,LOW
zgrab_India_587.json:72,India,zgrab_real,validation,LOW
zgrab_India_587.json:73,India,zgrab_real,validation,LOW
zgrab_India_587.json:74,India,zgrab_real,validation,LOW
zgrab_India_587.json:75,India,zgrab_real,validation,LOW
zgrab_India_587.json:76,India,zgrab_real,validation,LOW
zgrab_India_587.json:77,India,zgrab_real,validation,LOW
zgrab_India_587.json:78,India,zgrab_real,validation,LOW
zgrab_India_587.json:79,India,zgrab_real,validation,LOW
zgrab_India_587.json:80,India,zgrab_real,validation,LOW
zgrab_India_587.json:81,India,zgrab_real,validation,LOW
zgrab_India_587.json:82,India,zgrab_real,validation,LOW
zgrab_India_587.json:83,India,zgrab_real,validation,LOW
zgrab_India_587.json:84,India,zgrab_real,validation,LOW
zgrab_India_587.json:85,India,zgrab_real,validation,LOW
zgrab_India_587.json:87,India,zgrab_real,validation,LOW
zgrab_India_587.json:88,India,zgrab_real,validation,LOW
zgrab_India_587.json:89,India,zgrab_real,validation,LOW
zgrab_India_587.json:90,India,zgrab_real,validation,LOW
zgrab_India_587.json:91,India,zgrab_real,validation,LOW
zgrab_India_587.json:92,India,zgrab_real,validation,LOW
zgrab_India_587.json:93,India,zgrab_real,validation,LOW
zgrab_India_587.json:94,India,zgrab_real,validation,LOW
zgrab_India_587.json:95,India,zgrab_real,validation,MEDIUM
zgrab_India_587.json:96,India,zgrab_real,validation,LOW
zgrab_India_587.json:97,India,zgrab_real,validation,LOW
zgrab_India_587.json:98,India,zgrab_real,validation,LOW
zgrab_India_587.json:100,India,zgrab_real,validation,LOW
zgrab_Netherlands_587.json:2,Netherlands,zgrab_real,train,LOW
zgrab_Netherlands_587.json:3,Netherlands,zgrab_real,train,LOW
zgrab_Netherlands_587.json:4,Netherlands,zgrab_real,train,LOW
zgrab_Netherlands_587.json:5,Netherlands,zgrab_real,train,LOW
zgrab_Netherlands_587.json:10,Netherlands,zgrab_real,train,LOW
zgrab_Netherlands_587.json:12,Netherlands,zgrab_real,train,LOW
zgrab_Netherlands_587.json:41,Netherlands,zgrab_real,train,LOW
zgrab_Netherlands_587.json:42,Netherlands,zgrab_real,train,LOW
zgrab_Netherlands_587.json:43,Netherlands,zgrab_real,train,LOW
zgrab_Netherlands_587.json:54,Netherlands,zgrab_real,train,LOW
zgrab_Netherlands_587.json:55,Netherlands,zgrab_real,train,LOW
zgrab_Netherlands_587.json:57,Netherlands,zgrab_real,train,LOW
zgrab_Netherlands_587.json:70,Netherlands,zgrab_real,train,LOW
zgrab_Netherlands_587.json:71,Netherlands,zgrab_real,train,LOW
zgrab_Netherlands_587.json:72,Netherlands,zgrab_real,train,LOW
zgrab_Netherlands_587.json:73,Netherlands,zgrab_real,train,LOW
zgrab_Netherlands_587.json:74,Netherlands,zgrab_real,train,LOW
zgrab_Netherlands_587.json:75,Netherlands,zgrab_real,train,LOW
zgrab_Netherlands_587.json:76,Netherlands,zgrab_real,train,LOW
zgrab_Netherlands_587.json:77,Netherlands,zgrab_real,train,LOW
zgrab_Netherlands_587.json:78,Netherlands,zgrab_real,train,LOW
zgrab_Netherlands_587.json:79,Netherlands,zgrab_real,train,HIGH
zgrab_Netherlands_587.json:80,Netherlands,zgrab_real,train,HIGH
zgrab_Netherlands_587.json:82,Netherlands,zgrab_real,train,LOW
zgrab_Netherlands_587.json:84,Netherlands,zgrab_real,train,LOW
zgrab_Netherlands_587.json:90,Netherlands,zgrab_real,train,LOW
zgrab_Russia_587.json:2,Russia,zgrab_real,validation,MEDIUM
zgrab_Russia_587.json:18,Russia,zgrab_real,validation,HIGH
zgrab_Russia_587.json:29,Russia,zgrab_real,validation,LOW
zgrab_Russia_587.json:47,Russia,zgrab_real,validation,MEDIUM
zgrab_Russia_587.json:57,Russia,zgrab_real,validation,LOW
zgrab_Russia_587.json:62,Russia,zgrab_real,validation,LOW
zgrab_Russia_587.json:70,Russia,zgrab_real,validation,LOW
zgrab_Russia_587.json:71,Russia,zgrab_real,validation,LOW
zgrab_Russia_587.json:73,Russia,zgrab_real,validation,LOW
zgrab_Russia_587.json:87,Russia,zgrab_real,validation,LOW
zgrab_Russia_587.json:95,Russia,zgrab_real,validation,LOW
zgrab_UK_587.json:2,UK,zgrab_real,train,MEDIUM
zgrab_UK_587.json:3,UK,zgrab_real,train,HIGH
zgrab_UK_587.json:6,UK,zgrab_real,train,LOW
zgrab_UK_587.json:10,UK,zgrab_real,train,LOW
zgrab_UK_587.json:15,UK,zgrab_real,train,MEDIUM
zgrab_UK_587.json:16,UK,zgrab_real,train,LOW
zgrab_UK_587.json:17,UK,zgrab_real,train,LOW
zgrab_UK_587.json:18,UK,zgrab_real,train,LOW
zgrab_UK_587.json:19,UK,zgrab_real,train,LOW
zgrab_UK_587.json:20,UK,zgrab_real,train,LOW
zgrab_UK_587.json:23,UK,zgrab_real,train,LOW
zgrab_UK_587.json:24,UK,zgrab_real,train,LOW
zgrab_UK_587.json:30,UK,zgrab_real,train,LOW
zgrab_UK_587.json:48,UK,zgrab_real,train,LOW
zgrab_UK_587.json:53,UK,zgrab_real,train,LOW
zgrab_UK_587.json:68,UK,zgrab_real,train,LOW
zgrab_UK_587.json:69,UK,zgrab_real,train,LOW
zgrab_UK_587.json:71,UK,zgrab_real,train,LOW
zgrab_UK_587.json:72,UK,zgrab_real,train,LOW
zgrab_UK_587.json:75,UK,zgrab_real,train,LOW
zgrab_UK_587.json:77,UK,zgrab_real,train,LOW
zgrab_UK_587.json:82,UK,zgrab_real,train,LOW
zgrab_UK_587.json:83,UK,zgrab_real,train,LOW
zgrab_UK_587.json:84,UK,zgrab_real,train,LOW
zgrab_UK_587.json:85,UK,zgrab_real,train,HIGH
zgrab_UK_587.json:87,UK,zgrab_real,train,LOW
zgrab_UK_587.json:88,UK,zgrab_real,train,HIGH
zgrab_UK_587.json:89,UK,zgrab_real,train,LOW
zgrab_UK_587.json:90,UK,zgrab_real,train,LOW
zgrab_UK_587.json:91,UK,zgrab_real,train,LOW
zgrab_UK_587.json:92,UK,zgrab_real,train,LOW
zgrab_UK_587.json:93,UK,zgrab_real,train,LOW
zgrab_UK_587.json:94,UK,zgrab_real,train,LOW
zgrab_UK_587.json:97,UK,zgrab_real,train,LOW
zgrab_UK_587.json:98,UK,zgrab_real,train,LOW
zgrab_UK_587.json:99,UK,zgrab_real,train,LOW
zgrab_UK_587.json:100,UK,zgrab_real,train,LOW
zgrab_US_587.json:1,US,zgrab_real,train,LOW
zgrab_US_587.json:2,US,zgrab_real,train,LOW
zgrab_US_587.json:3,US,zgrab_real,train,LOW
zgrab_US_587.json:4,US,zgrab_real,train,LOW
zgrab_US_587.json:6,US,zgrab_real,train,LOW
zgrab_US_587.json:8,US,zgrab_real,train,LOW
zgrab_US_587.json:9,US,zgrab_real,train,LOW
zgrab_US_587.json:10,US,zgrab_real,train,LOW
zgrab_US_587.json:11,US,zgrab_real,train,LOW
zgrab_US_587.json:12,US,zgrab_real,train,LOW
zgrab_US_587.json:13,US,zgrab_real,train,LOW
zgrab_US_587.json:14,US,zgrab_real,train,LOW
zgrab_US_587.json:15,US,zgrab_real,train,LOW
zgrab_US_587.json:16,US,zgrab_real,train,LOW
zgrab_US_587.json:17,US,zgrab_real,train,LOW
zgrab_US_587.json:21,US,zgrab_real,train,MEDIUM
zgrab_US_587.json:30,US,zgrab_real,train,LOW
zgrab_US_587.json:37,US,zgrab_real,train,MEDIUM
zgrab_US_587.json:38,US,zgrab_real,train,LOW
zgrab_US_587.json:39,US,zgrab_real,train,LOW
zgrab_US_587.json:45,US,zgrab_real,train,LOW
zgrab_US_587.json:46,US,zgrab_real,train,LOW
zgrab_US_587.json:47,US,zgrab_real,train,LOW
zgrab_US_587.json:49,US,zgrab_real,train,LOW
zgrab_US_587.json:51,US,zgrab_real,train,LOW
zgrab_US_587.json:52,US,zgrab_real,train,LOW
zgrab_US_587.json:53,US,zgrab_real,train,LOW
zgrab_US_587.json:55,US,zgrab_real,train,LOW
zgrab_US_587.json:56,US,zgrab_real,train,LOW
zgrab_US_587.json:57,US,zgrab_real,train,LOW
zgrab_US_587.json:58,US,zgrab_real,train,LOW
zgrab_US_587.json:59,US,zgrab_real,train,LOW
zgrab_US_587.json:60,US,zgrab_real,train,LOW
zgrab_US_587.json:61,US,zgrab_real,train,MEDIUM
zgrab_US_587.json:62,US,zgrab_real,train,LOW
zgrab_US_587.json:63,US,zgrab_real,train,LOW
zgrab_US_587.json:64,US,zgrab_real,train,LOW
zgrab_US_587.json:65,US,zgrab_real,train,LOW
zgrab_US_587.json:67,US,zgrab_real,train,LOW
zgrab_US_587.json:68,US,zgrab_real,train,LOW
zgrab_US_587.json:69,US,zgrab_real,train,LOW
zgrab_US_587.json:70,US,zgrab_real,train,LOW
zgrab_US_587.json:72,US,zgrab_real,train,LOW
zgrab_US_587.json:73,US,zgrab_real,train,LOW
zgrab_US_587.json:74,US,zgrab_real,train,LOW
zgrab_US_587.json:89,US,zgrab_real,train,LOW
zgrab_US_587.json:90,US,zgrab_real,train,LOW
zgrab_US_587.json:91,US,zgrab_real,train,MEDIUM
zgrab_US_587.json:92,US,zgrab_real,train,LOW
zgrab_US_587.json:94,US,zgrab_real,train,LOW
zgrab_US_587.json:95,US,zgrab_real,train,LOW
zgrab_US_587.json:96,US,zgrab_real,train,LOW
zgrab_US_587.json:97,US,zgrab_real,train,LOW
zgrab_US_587.json:98,US,zgrab_real,train,LOW
zgrab_US_587.json:100,US,zgrab_real,train,LOW
