scenario_id,layer,description,protocol,tls_presence,starttls_integrity,tls_version,cipher_strength,cert_validity,cert_chain_shape,cert_sig_algo,hostname_match,auth_outcome,expected_starttls_status,expected_trust_status,strip_cause,port_type,expected_protocol,tls13_kex_mode,tls12_kex_type,forward_secrecy,hello_retry_request,downgrade_sentinel,starttls_outcome,sig_alg_cert_present,cert_has_san,hostname_type,path_selection,certificate_observable,generator_requirement
PCAP-001,inventory,,SMTP,implicit-TLS,N/A,1.3,HIGH,valid,complete-chain,ECDSA,matched,post-TLS-encrypted,IMPLICIT_TLS,TRUSTED_CHAIN,,,,,,,,,,,,,,,
PCAP-002,inventory,,IMAP,implicit-TLS,N/A,1.3,HIGH,valid,complete-chain,ECDSA,matched,post-TLS-encrypted,IMPLICIT_TLS,TRUSTED_CHAIN,,,,,,,,,,,,,,,
PCAP-003,inventory,,POP3,implicit-TLS,N/A,1.3,HIGH,valid,complete-chain,ECDSA,matched,post-TLS-encrypted,IMPLICIT_TLS,TRUSTED_CHAIN,,,,,,,,,,,,,,,
PCAP-004,inventory,,SMTP,none,N/A,N/A,N/A,N/A,N/A,N/A,N/A,none,CLEARTEXT_NO_ENCRYPTION,N/A,,,,,,,,,,,,,,,
PCAP-005,inventory,,SMTP,STARTTLS-upgraded,normal,1.3,HIGH,valid,complete-chain,ECDSA,matched,post-TLS-encrypted,UPGRADED,TRUSTED_CHAIN,,,,,,,,,,,,,,,
PCAP-006,inventory,,SMTP,implicit-TLS,N/A,1.0,HIGH,valid,complete-chain,ECDSA,matched,post-TLS-encrypted,IMPLICIT_TLS,TRUSTED_CHAIN,,,,,,,,,,,,,,,
PCAP-007,inventory,,SMTP,implicit-TLS,N/A,1.1,HIGH,valid,complete-chain,ECDSA,matched,post-TLS-encrypted,IMPLICIT_TLS,TRUSTED_CHAIN,,,,,,,,,,,,,,,
PCAP-008,inventory,,SMTP,implicit-TLS,N/A,1.2,HIGH,valid,complete-chain,ECDSA,matched,post-TLS-encrypted,IMPLICIT_TLS,TRUSTED_CHAIN,,,,,,,,,,,,,,,
PCAP-009,inventory,,SMTP,implicit-TLS,N/A,1.3,WEAK,valid,complete-chain,ECDSA,matched,post-TLS-encrypted,IMPLICIT_TLS,TRUSTED_CHAIN,,,,,,,,,,,,,,,
PCAP-010,inventory,,SMTP,implicit-TLS,N/A,1.3,HIGH,expired,complete-chain,ECDSA,matched,post-TLS-encrypted,IMPLICIT_TLS,EXPIRED,,,,,,,,,,,,,,,
PCAP-011,inventory,,SMTP,implicit-TLS,N/A,1.3,HIGH,not-yet-valid,complete-chain,ECDSA,matched,post-TLS-encrypted,IMPLICIT_TLS,NOT_YET_VALID,,,,,,,,,,,,,,,
PCAP-012,inventory,,SMTP,implicit-TLS,N/A,1.3,HIGH,valid,self-signed-trusted,ECDSA,matched,post-TLS-encrypted,IMPLICIT_TLS,TRUSTED_SELF_SIGNED,,,,,,,,,,,,,,,
PCAP-013,inventory,,SMTP,implicit-TLS,N/A,1.3,HIGH,valid,self-signed-untrusted,ECDSA,matched,post-TLS-encrypted,IMPLICIT_TLS,UNTRUSTED_SELF_SIGNED,,,,,,,,,,,,,,,
PCAP-014,inventory,,SMTP,implicit-TLS,N/A,1.3,HIGH,valid,complete-chain-untrusted-root,ECDSA,matched,post-TLS-encrypted,IMPLICIT_TLS,UNKNOWN_ROOT_CA,,,,,,,,,,,,,,,
PCAP-015,inventory,,SMTP,implicit-TLS,N/A,1.3,HIGH,valid,intermediate-not-ca,ECDSA,matched,post-TLS-encrypted,IMPLICIT_TLS,CA_CONSTRAINT_VIOLATION,,,,,,,,,,,,,,,
PCAP-016,inventory,,SMTP,implicit-TLS,N/A,1.3,HIGH,valid,chain-tampered-intermediate-sig,ECDSA,matched,post-TLS-encrypted,IMPLICIT_TLS,INVALID_SIGNATURE_IN_CHAIN,,,,,,,,,,,,,,,
PCAP-017,inventory,,SMTP,implicit-TLS,N/A,1.3,HIGH,valid,leaf-only,ECDSA,matched,post-TLS-encrypted,IMPLICIT_TLS,INCOMPLETE_CHAIN_MISSING_INTERMEDIATE,,,,,,,,,,,,,,,
PCAP-018,inventory,,SMTP,implicit-TLS,N/A,1.3,HIGH,valid,complete-chain,RSA-PKCS1v15,matched,post-TLS-encrypted,IMPLICIT_TLS,TRUSTED_CHAIN,,,,,,,,,,,,,,,
PCAP-019,inventory,,SMTP,implicit-TLS,N/A,1.3,HIGH,valid,complete-chain,RSA-PSS,matched,post-TLS-encrypted,IMPLICIT_TLS,TRUSTED_CHAIN,,,,,,,,,,,,,,,
PCAP-020,inventory,,SMTP,implicit-TLS,N/A,1.3,HIGH,valid,complete-chain,Ed25519,matched,post-TLS-encrypted,IMPLICIT_TLS,TRUSTED_CHAIN,,,,,,,,,,,,,,,
PCAP-021,inventory,,SMTP,implicit-TLS,N/A,1.3,HIGH,valid,complete-chain,ECDSA,mismatched,post-TLS-encrypted,IMPLICIT_TLS,TRUSTED_CHAIN_HOSTNAME_MISMATCH,,,,,,,,,,,,,,,
PCAP-022,inventory,,SMTP,implicit-TLS,N/A,1.3,HIGH,valid,complete-chain,ECDSA,matched,none,IMPLICIT_TLS,TRUSTED_CHAIN,,,,,,,,,,,,,,,
PCAP-023,inventory,,IMAP,none,N/A,N/A,N/A,N/A,N/A,N/A,N/A,none,CLEARTEXT_NO_ENCRYPTION,N/A,,,,,,,,,,,,,,,
PCAP-024,inventory,,IMAP,STARTTLS-upgraded,normal,1.3,HIGH,valid,complete-chain,ECDSA,matched,post-TLS-encrypted,UPGRADED,TRUSTED_CHAIN,,,,,,,,,,,,,,,
PCAP-025,inventory,,IMAP,implicit-TLS,N/A,1.0,HIGH,valid,complete-chain,ECDSA,matched,post-TLS-encrypted,IMPLICIT_TLS,TRUSTED_CHAIN,,,,,,,,,,,,,,,
PCAP-026,inventory,,IMAP,implicit-TLS,N/A,1.1,HIGH,valid,complete-chain,ECDSA,matched,post-TLS-encrypted,IMPLICIT_TLS,TRUSTED_CHAIN,,,,,,,,,,,,,,,
PCAP-027,inventory,,IMAP,implicit-TLS,N/A,1.2,HIGH,valid,complete-chain,ECDSA,matched,post-TLS-encrypted,IMPLICIT_TLS,TRUSTED_CHAIN,,,,,,,,,,,,,,,
PCAP-028,inventory,,IMAP,implicit-TLS,N/A,1.3,WEAK,valid,complete-chain,ECDSA,matched,post-TLS-encrypted,IMPLICIT_TLS,TRUSTED_CHAIN,,,,,,,,,,,,,,,
PCAP-029,inventory,,IMAP,implicit-TLS,N/A,1.3,HIGH,expired,complete-chain,ECDSA,matched,post-TLS-encrypted,IMPLICIT_TLS,EXPIRED,,,,,,,,,,,,,,,
PCAP-030,inventory,,IMAP,implicit-TLS,N/A,1.3,HIGH,not-yet-valid,complete-chain,ECDSA,matched,post-TLS-encrypted,IMPLICIT_TLS,NOT_YET_VALID,,,,,,,,,,,,,,,
PCAP-031,inventory,,IMAP,implicit-TLS,N/A,1.3,HIGH,valid,self-signed-trusted,ECDSA,matched,post-TLS-encrypted,IMPLICIT_TLS,TRUSTED_SELF_SIGNED,,,,,,,,,,,,,,,
PCAP-032,inventory,,IMAP,implicit-TLS,N/A,1.3,HIGH,valid,self-signed-untrusted,ECDSA,matched,post-TLS-encrypted,IMPLICIT_TLS,UNTRUSTED_SELF_SIGNED,,,,,,,,,,,,,,,
PCAP-033,inventory,,IMAP,implicit-TLS,N/A,1.3,HIGH,valid,complete-chain-untrusted-root,ECDSA,matched,post-TLS-encrypted,IMPLICIT_TLS,UNKNOWN_ROOT_CA,,,,,,,,,,,,,,,
PCAP-034,inventory,,IMAP,implicit-TLS,N/A,1.3,HIGH,valid,intermediate-not-ca,ECDSA,matched,post-TLS-encrypted,IMPLICIT_TLS,CA_CONSTRAINT_VIOLATION,,,,,,,,,,,,,,,
PCAP-035,inventory,,IMAP,implicit-TLS,N/A,1.3,HIGH,valid,chain-tampered-intermediate-sig,ECDSA,matched,post-TLS-encrypted,IMPLICIT_TLS,INVALID_SIGNATURE_IN_CHAIN,,,,,,,,,,,,,,,
PCAP-036,inventory,,IMAP,implicit-TLS,N/A,1.3,HIGH,valid,leaf-only,ECDSA,matched,post-TLS-encrypted,IMPLICIT_TLS,INCOMPLETE_CHAIN_MISSING_INTERMEDIATE,,,,,,,,,,,,,,,
PCAP-037,inventory,,IMAP,implicit-TLS,N/A,1.3,HIGH,valid,complete-chain,RSA-PKCS1v15,matched,post-TLS-encrypted,IMPLICIT_TLS,TRUSTED_CHAIN,,,,,,,,,,,,,,,
PCAP-038,inventory,,IMAP,implicit-TLS,N/A,1.3,HIGH,valid,complete-chain,RSA-PSS,matched,post-TLS-encrypted,IMPLICIT_TLS,TRUSTED_CHAIN,,,,,,,,,,,,,,,
PCAP-039,inventory,,IMAP,implicit-TLS,N/A,1.3,HIGH,valid,complete-chain,Ed25519,matched,post-TLS-encrypted,IMPLICIT_TLS,TRUSTED_CHAIN,,,,,,,,,,,,,,,
PCAP-040,inventory,,IMAP,implicit-TLS,N/A,1.3,HIGH,valid,complete-chain,ECDSA,mismatched,post-TLS-encrypted,IMPLICIT_TLS,TRUSTED_CHAIN_HOSTNAME_MISMATCH,,,,,,,,,,,,,,,
PCAP-041,inventory,,IMAP,implicit-TLS,N/A,1.3,HIGH,valid,complete-chain,ECDSA,matched,none,IMPLICIT_TLS,TRUSTED_CHAIN,,,,,,,,,,,,,,,
PCAP-042,inventory,,POP3,none,N/A,N/A,N/A,N/A,N/A,N/A,N/A,none,CLEARTEXT_NO_ENCRYPTION,N/A,,,,,,,,,,,,,,,
PCAP-043,inventory,,POP3,STARTTLS-upgraded,normal,1.3,HIGH,valid,complete-chain,ECDSA,matched,post-TLS-encrypted,UPGRADED,TRUSTED_CHAIN,,,,,,,,,,,,,,,
PCAP-044,inventory,,POP3,implicit-TLS,N/A,1.0,HIGH,valid,complete-chain,ECDSA,matched,post-TLS-encrypted,IMPLICIT_TLS,TRUSTED_CHAIN,,,,,,,,,,,,,,,
PCAP-045,inventory,,POP3,implicit-TLS,N/A,1.1,HIGH,valid,complete-chain,ECDSA,matched,post-TLS-encrypted,IMPLICIT_TLS,TRUSTED_CHAIN,,,,,,,,,,,,,,,
PCAP-046,inventory,,POP3,implicit-TLS,N/A,1.2,HIGH,valid,complete-chain,ECDSA,matched,post-TLS-encrypted,IMPLICIT_TLS,TRUSTED_CHAIN,,,,,,,,,,,,,,,
PCAP-047,inventory,,POP3,implicit-TLS,N/A,1.3,WEAK,valid,complete-chain,ECDSA,matched,post-TLS-encrypted,IMPLICIT_TLS,TRUSTED_CHAIN,,,,,,,,,,,,,,,
PCAP-048,inventory,,POP3,implicit-TLS,N/A,1.3,HIGH,expired,complete-chain,ECDSA,matched,post-TLS-encrypted,IMPLICIT_TLS,EXPIRED,,,,,,,,,,,,,,,
PCAP-049,inventory,,POP3,implicit-TLS,N/A,1.3,HIGH,not-yet-valid,complete-chain,ECDSA,matched,post-TLS-encrypted,IMPLICIT_TLS,NOT_YET_VALID,,,,,,,,,,,,,,,
PCAP-050,inventory,,POP3,implicit-TLS,N/A,1.3,HIGH,valid,self-signed-trusted,ECDSA,matched,post-TLS-encrypted,IMPLICIT_TLS,TRUSTED_SELF_SIGNED,,,,,,,,,,,,,,,
PCAP-051,inventory,,POP3,implicit-TLS,N/A,1.3,HIGH,valid,self-signed-untrusted,ECDSA,matched,post-TLS-encrypted,IMPLICIT_TLS,UNTRUSTED_SELF_SIGNED,,,,,,,,,,,,,,,
PCAP-052,inventory,,POP3,implicit-TLS,N/A,1.3,HIGH,valid,complete-chain-untrusted-root,ECDSA,matched,post-TLS-encrypted,IMPLICIT_TLS,UNKNOWN_ROOT_CA,,,,,,,,,,,,,,,
PCAP-053,inventory,,POP3,implicit-TLS,N/A,1.3,HIGH,valid,intermediate-not-ca,ECDSA,matched,post-TLS-encrypted,IMPLICIT_TLS,CA_CONSTRAINT_VIOLATION,,,,,,,,,,,,,,,
PCAP-054,inventory,,POP3,implicit-TLS,N/A,1.3,HIGH,valid,chain-tampered-intermediate-sig,ECDSA,matched,post-TLS-encrypted,IMPLICIT_TLS,INVALID_SIGNATURE_IN_CHAIN,,,,,,,,,,,,,,,
PCAP-055,inventory,,POP3,implicit-TLS,N/A,1.3,HIGH,valid,leaf-only,ECDSA,matched,post-TLS-encrypted,IMPLICIT_TLS,INCOMPLETE_CHAIN_MISSING_INTERMEDIATE,,,,,,,,,,,,,,,
PCAP-056,inventory,,POP3,implicit-TLS,N/A,1.3,HIGH,valid,complete-chain,RSA-PKCS1v15,matched,post-TLS-encrypted,IMPLICIT_TLS,TRUSTED_CHAIN,,,,,,,,,,,,,,,
PCAP-057,inventory,,POP3,implicit-TLS,N/A,1.3,HIGH,valid,complete-chain,RSA-PSS,matched,post-TLS-encrypted,IMPLICIT_TLS,TRUSTED_CHAIN,,,,,,,,,,,,,,,
PCAP-058,inventory,,POP3,implicit-TLS,N/A,1.3,HIGH,valid,complete-chain,Ed25519,matched,post-TLS-encrypted,IMPLICIT_TLS,TRUSTED_CHAIN,,,,,,,,,,,,,,,
PCAP-059,inventory,,POP3,implicit-TLS,N/A,1.3,HIGH,valid,complete-chain,ECDSA,mismatched,post-TLS-encrypted,IMPLICIT_TLS,TRUSTED_CHAIN_HOSTNAME_MISMATCH,,,,,,,,,,,,,,,
PCAP-060,inventory,,POP3,implicit-TLS,N/A,1.3,HIGH,valid,complete-chain,ECDSA,matched,none,IMPLICIT_TLS,TRUSTED_CHAIN,,,,,,,,,,,,,,,
PCAP-061,inventory,,SMTP,none,N/A,N/A,N/A,N/A,N/A,N/A,N/A,plaintext-attempted,CLEARTEXT_NO_ENCRYPTION,N/A,,,,,,,,,,,,,,,
PCAP-062,inventory,,IMAP,none,N/A,N/A,N/A,N/A,N/A,N/A,N/A,plaintext-attempted,CLEARTEXT_NO_ENCRYPTION,N/A,,,,,,,,,,,,,,,
PCAP-063,inventory,,POP3,none,N/A,N/A,N/A,N/A,N/A,N/A,N/A,plaintext-attempted,CLEARTEXT_NO_ENCRYPTION,N/A,,,,,,,,,,,,,,,
PCAP-064,inventory,,SMTP,STARTTLS-upgraded,stripped-broken-client,N/A,N/A,N/A,N/A,N/A,N/A,none,DOWNGRADE_OR_STRIPPED,N/A,stripped-broken-client,,,,,,,,,,,,,,
PCAP-065,inventory,,SMTP,STARTTLS-upgraded,stripped-broken-server,N/A,N/A,N/A,N/A,N/A,N/A,none,DOWNGRADE_OR_STRIPPED,N/A,stripped-broken-server,,,,,,,,,,,,,,
PCAP-066,inventory,,IMAP,STARTTLS-upgraded,stripped-broken-client,N/A,N/A,N/A,N/A,N/A,N/A,none,DOWNGRADE_OR_STRIPPED,N/A,stripped-broken-client,,,,,,,,,,,,,,
PCAP-067,inventory,,IMAP,STARTTLS-upgraded,stripped-broken-server,N/A,N/A,N/A,N/A,N/A,N/A,none,DOWNGRADE_OR_STRIPPED,N/A,stripped-broken-server,,,,,,,,,,,,,,
PCAP-068,inventory,,POP3,STARTTLS-upgraded,stripped-broken-client,N/A,N/A,N/A,N/A,N/A,N/A,none,DOWNGRADE_OR_STRIPPED,N/A,stripped-broken-client,,,,,,,,,,,,,,
PCAP-069,inventory,,POP3,STARTTLS-upgraded,stripped-broken-server,N/A,N/A,N/A,N/A,N/A,N/A,none,DOWNGRADE_OR_STRIPPED,N/A,stripped-broken-server,,,,,,,,,,,,,,
PCAP-070,inventory,,SMTP,implicit-TLS,N/A,1.3,HIGH,valid,complete-chain,ECDSA,matched,post-TLS-encrypted,IMPLICIT_TLS,TRUSTED_CHAIN,,non-standard-unknown,Unknown,,,,,,,,,,,,
PCAP-071,inventory,,IMAP,implicit-TLS,N/A,1.3,HIGH,valid,complete-chain,ECDSA,matched,post-TLS-encrypted,IMPLICIT_TLS,TRUSTED_CHAIN,,non-standard-unknown,Unknown,,,,,,,,,,,,
PCAP-072,inventory,,POP3,implicit-TLS,N/A,1.3,HIGH,valid,complete-chain,ECDSA,matched,post-TLS-encrypted,IMPLICIT_TLS,TRUSTED_CHAIN,,non-standard-unknown,Unknown,,,,,,,,,,,,
PCAP-073,inventory,,SMTP,implicit-TLS,N/A,1.0,HIGH,not-yet-valid,complete-chain,RSA-PSS,matched,post-TLS-encrypted,IMPLICIT_TLS,NOT_YET_VALID,,,,,,,,,,,,,,,
PCAP-074,inventory,,SMTP,implicit-TLS,N/A,1.1,MEDIUM,not-yet-valid,intermediate-not-ca,ECDSA,matched,post-TLS-encrypted,IMPLICIT_TLS,NOT_YET_VALID,,,,,,,,,,,,,,,
PCAP-075,inventory,,SMTP,implicit-TLS,N/A,1.2,BROKEN,expired,complete-chain-untrusted-root,ECDSA,matched,post-TLS-encrypted,IMPLICIT_TLS,EXPIRED,,,,,,,,,,,,,,,
PCAP-076,inventory,,SMTP,implicit-TLS,N/A,1.1,BROKEN,valid,self-signed-untrusted,RSA-PKCS1v15,matched,post-TLS-encrypted,IMPLICIT_TLS,UNTRUSTED_SELF_SIGNED,,,,,,,,,,,,,,,
PCAP-077,inventory,,SMTP,implicit-TLS,N/A,1.3,WEAK,valid,complete-chain-untrusted-root,Ed25519,matched,post-TLS-encrypted,IMPLICIT_TLS,UNKNOWN_ROOT_CA,,,,,,,,,,,,,,,
PCAP-078,inventory,,SMTP,implicit-TLS,N/A,1.1,HIGH,expired,leaf-only,Ed25519,matched,post-TLS-encrypted,IMPLICIT_TLS,EXPIRED,,,,,,,,,,,,,,,
PCAP-079,inventory,,SMTP,implicit-TLS,N/A,1.2,WEAK,not-yet-valid,self-signed-trusted,RSA-PKCS1v15,matched,post-TLS-encrypted,IMPLICIT_TLS,NOT_YET_VALID,,,,,,,,,,,,,,,
PCAP-080,inventory,,SMTP,implicit-TLS,N/A,1.2,MEDIUM,valid,leaf-only,RSA-PSS,matched,post-TLS-encrypted,IMPLICIT_TLS,INCOMPLETE_CHAIN_MISSING_INTERMEDIATE,,,,,,,,,,,,,,,
PCAP-081,inventory,,SMTP,implicit-TLS,N/A,1.0,WEAK,expired,chain-tampered-intermediate-sig,RSA-PSS,matched,post-TLS-encrypted,IMPLICIT_TLS,EXPIRED,,,,,,,,,,,,,,,
PCAP-082,inventory,,SMTP,implicit-TLS,N/A,1.2,BROKEN,not-yet-valid,chain-tampered-intermediate-sig,Ed25519,matched,post-TLS-encrypted,IMPLICIT_TLS,NOT_YET_VALID,,,,,,,,,,,,,,,
PCAP-083,inventory,,SMTP,implicit-TLS,N/A,1.0,MEDIUM,valid,self-signed-trusted,Ed25519,matched,post-TLS-encrypted,IMPLICIT_TLS,TRUSTED_SELF_SIGNED,,,,,,,,,,,,,,,
PCAP-084,inventory,,SMTP,implicit-TLS,N/A,1.0,WEAK,not-yet-valid,self-signed-untrusted,ECDSA,matched,post-TLS-encrypted,IMPLICIT_TLS,NOT_YET_VALID,,,,,,,,,,,,,,,
PCAP-085,inventory,,SMTP,implicit-TLS,N/A,1.0,BROKEN,not-yet-valid,intermediate-not-ca,RSA-PKCS1v15,matched,post-TLS-encrypted,IMPLICIT_TLS,NOT_YET_VALID,,,,,,,,,,,,,,,
PCAP-086,inventory,,SMTP,implicit-TLS,N/A,1.2,HIGH,valid,intermediate-not-ca,RSA-PKCS1v15,matched,post-TLS-encrypted,IMPLICIT_TLS,CA_CONSTRAINT_VIOLATION,,,,,,,,,,,,,,,
PCAP-087,inventory,,SMTP,implicit-TLS,N/A,1.1,WEAK,valid,complete-chain,RSA-PSS,matched,post-TLS-encrypted,IMPLICIT_TLS,TRUSTED_CHAIN,,,,,,,,,,,,,,,
PCAP-088,inventory,,SMTP,implicit-TLS,N/A,1.3,HIGH,expired,self-signed-untrusted,RSA-PSS,matched,post-TLS-encrypted,IMPLICIT_TLS,EXPIRED,,,,,,,,,,,,,,,
PCAP-089,inventory,,SMTP,implicit-TLS,N/A,1.1,MEDIUM,not-yet-valid,complete-chain-untrusted-root,RSA-PKCS1v15,matched,post-TLS-encrypted,IMPLICIT_TLS,NOT_YET_VALID,,,,,,,,,,,,,,,
PCAP-090,inventory,,SMTP,implicit-TLS,N/A,1.3,WEAK,expired,intermediate-not-ca,Ed25519,matched,post-TLS-encrypted,IMPLICIT_TLS,EXPIRED,,,,,,,,,,,,,,,
PCAP-091,inventory,,SMTP,implicit-TLS,N/A,1.0,WEAK,expired,leaf-only,ECDSA,matched,post-TLS-encrypted,IMPLICIT_TLS,EXPIRED,,,,,,,,,,,,,,,
PCAP-092,inventory,,SMTP,implicit-TLS,N/A,1.1,MEDIUM,expired,chain-tampered-intermediate-sig,RSA-PKCS1v15,matched,post-TLS-encrypted,IMPLICIT_TLS,EXPIRED,,,,,,,,,,,,,,,
PCAP-093,inventory,,SMTP,implicit-TLS,N/A,1.2,MEDIUM,valid,self-signed-untrusted,Ed25519,matched,post-TLS-encrypted,IMPLICIT_TLS,UNTRUSTED_SELF_SIGNED,,,,,,,,,,,,,,,
PCAP-094,inventory,,SMTP,implicit-TLS,N/A,1.1,HIGH,expired,self-signed-trusted,ECDSA,matched,post-TLS-encrypted,IMPLICIT_TLS,EXPIRED,,,,,,,,,,,,,,,
PCAP-095,inventory,,SMTP,implicit-TLS,N/A,1.2,BROKEN,valid,complete-chain,Ed25519,matched,post-TLS-encrypted,IMPLICIT_TLS,TRUSTED_CHAIN,,,,,,,,,,,,,,,
PCAP-096,inventory,,SMTP,implicit-TLS,N/A,1.0,HIGH,not-yet-valid,complete-chain-untrusted-root,Ed25519,matched,post-TLS-encrypted,IMPLICIT_TLS,NOT_YET_VALID,,,,,,,,,,,,,,,
PCAP-097,inventory,,SMTP,implicit-TLS,N/A,1.1,BROKEN,valid,leaf-only,RSA-PKCS1v15,matched,post-TLS-encrypted,IMPLICIT_TLS,INCOMPLETE_CHAIN_MISSING_INTERMEDIATE,,,,,,,,,,,,,,,
PCAP-098,inventory,,SMTP,implicit-TLS,N/A,1.2,HIGH,expired,complete-chain,ECDSA,matched,post-TLS-encrypted,IMPLICIT_TLS,EXPIRED,,,,,,,,,,,,,,,
PCAP-099,inventory,,SMTP,implicit-TLS,N/A,1.3,HIGH,expired,intermediate-not-ca,RSA-PSS,matched,post-TLS-encrypted,IMPLICIT_TLS,EXPIRED,,,,,,,,,,,,,,,
PCAP-100,inventory,,SMTP,implicit-TLS,N/A,1.1,WEAK,valid,complete-chain-untrusted-root,RSA-PSS,matched,post-TLS-encrypted,IMPLICIT_TLS,UNKNOWN_ROOT_CA,,,,,,,,,,,,,,,
PCAP-101,inventory,,SMTP,implicit-TLS,N/A,1.3,HIGH,not-yet-valid,leaf-only,ECDSA,matched,post-TLS-encrypted,IMPLICIT_TLS,NOT_YET_VALID,,,,,,,,,,,,,,,
PCAP-102,inventory,,SMTP,implicit-TLS,N/A,1.2,BROKEN,valid,self-signed-trusted,ECDSA,matched,post-TLS-encrypted,IMPLICIT_TLS,TRUSTED_SELF_SIGNED,,,,,,,,,,,,,,,
PCAP-103,inventory,,SMTP,implicit-TLS,N/A,1.2,BROKEN,valid,complete-chain,RSA-PSS,matched,post-TLS-encrypted,IMPLICIT_TLS,TRUSTED_CHAIN,,,,,,,,,,,,,,,
PCAP-104,inventory,,SMTP,implicit-TLS,N/A,1.2,MEDIUM,valid,complete-chain,ECDSA,matched,post-TLS-encrypted,IMPLICIT_TLS,TRUSTED_CHAIN,,,,,,,,,,,,,,,
PCAP-105,inventory,,SMTP,implicit-TLS,N/A,1.2,HIGH,valid,self-signed-trusted,RSA-PSS,matched,post-TLS-encrypted,IMPLICIT_TLS,TRUSTED_SELF_SIGNED,,,,,,,,,,,,,,,
PCAP-106,canonical,"TLS 1.3 PSK_ONLY — no forward secrecy, no server cert",SMTP,implicit-TLS,N/A,1.3,HIGH,N/A,N/A,N/A,N/A,post-TLS-encrypted,IMPLICIT_TLS,N/A,,,,PSK_ONLY,,False,False,none,,False,False,dns,,NOT_PRESENT,psk_resumption_without_cert
PCAP-107,canonical,"TLS 1.3 PSK_DHE — forward secrecy, no server cert",SMTP,implicit-TLS,N/A,1.3,HIGH,N/A,N/A,N/A,N/A,post-TLS-encrypted,IMPLICIT_TLS,N/A,,,,PSK_DHE,,True,False,none,,False,False,dns,,NOT_PRESENT,psk_dhe_resumption_without_cert
PCAP-108,canonical,TLS 1.3 HelloRetryRequest,SMTP,implicit-TLS,N/A,1.3,HIGH,valid,complete-chain,ECDSA,matched,post-TLS-encrypted,IMPLICIT_TLS,TRUSTED_CHAIN,,,,ECDHE,,True,False,none,,True,False,dns,,ENCRYPTED,client_group_mismatch_then_retry
PCAP-109,canonical,TLS 1.3 offered TLS 1.2 negotiated + sentinel — RFC 8446 downgrade-protection signal,SMTP,implicit-TLS,N/A,1.2,HIGH,valid,complete-chain,ECDSA,matched,post-TLS-encrypted,IMPLICIT_TLS,TRUSTED_CHAIN,,,,,ECDHE,True,False,protection-signal,,False,False,dns,,VISIBLE,server_downgrade_with_sentinel
PCAP-110,canonical,TLS 1.2-only client + sentinel — benign legacy,SMTP,implicit-TLS,N/A,1.2,HIGH,valid,complete-chain,ECDSA,matched,post-TLS-encrypted,IMPLICIT_TLS,TRUSTED_CHAIN,,,,,ECDHE,True,False,benign,,False,False,dns,,VISIBLE,legacy_client_server_with_sentinel
PCAP-111,canonical,SMTP STARTTLS + TLS 1.2 ECDHE,SMTP,STARTTLS-upgraded,normal,1.2,HIGH,valid,complete-chain,ECDSA,matched,post-TLS-encrypted,UPGRADED,TRUSTED_CHAIN,,,,,ECDHE,True,False,none,accepted,False,False,dns,,VISIBLE,standard_starttls_upgrade
PCAP-112,canonical,SMTP STARTTLS + TLS 1.2 DHE,SMTP,STARTTLS-upgraded,normal,1.2,HIGH,valid,complete-chain,RSA-PKCS1v15,matched,post-TLS-encrypted,UPGRADED,TRUSTED_CHAIN,,,,,DHE,True,False,none,accepted,False,False,dns,,VISIBLE,standard_starttls_upgrade_dhe
PCAP-113,canonical,SMTP STARTTLS rejected by server,SMTP,STARTTLS-upgraded,rejected,N/A,N/A,N/A,N/A,N/A,N/A,none,STARTTLS_REJECTED,N/A,,,,,,False,False,none,rejected,False,False,dns,,NOT_PRESENT,server_rejects_starttls
PCAP-114,canonical,ClientHello ext 50 present different from ext 13,SMTP,implicit-TLS,N/A,1.3,HIGH,valid,complete-chain,ECDSA,matched,post-TLS-encrypted,IMPLICIT_TLS,TRUSTED_CHAIN,,,,ECDHE,,True,False,none,,False,True,dns,,ENCRYPTED,client_cert_sig_alg_ext50
PCAP-115,canonical,No SAN — CN fallback,SMTP,implicit-TLS,N/A,1.3,HIGH,valid,complete-chain,ECDSA,matched,post-TLS-encrypted,IMPLICIT_TLS,TRUSTED_CHAIN,,,,ECDHE,,True,False,none,,False,False,dns,,ENCRYPTED,cert_no_san_cn_only
PCAP-116,canonical,SNI + cert IP address,SMTP,implicit-TLS,N/A,1.3,HIGH,valid,complete-chain,ECDSA,matched,post-TLS-encrypted,IMPLICIT_TLS,TRUSTED_CHAIN,,,,ECDHE,,True,False,none,,False,False,ip,,ENCRYPTED,cert_ip_address_san
PCAP-117,canonical,SAN=*.example.com SNI=mail.example.com → MATCHED,SMTP,implicit-TLS,N/A,1.3,HIGH,valid,complete-chain,ECDSA,matched,post-TLS-encrypted,IMPLICIT_TLS,TRUSTED_CHAIN,,,,ECDHE,,True,False,none,,False,False,wildcard,,ENCRYPTED,cert_wildcard_san
PCAP-118,canonical,SAN=*.example.com SNI=a.mail.example.com → MISMATCH,SMTP,implicit-TLS,N/A,1.3,HIGH,valid,complete-chain,ECDSA,mismatched,post-TLS-encrypted,IMPLICIT_TLS,TRUSTED_CHAIN_HOSTNAME_MISMATCH,,,,ECDHE,,True,False,none,,False,False,wildcard,,ENCRYPTED,cert_wildcard_san_multi_label
PCAP-119,canonical,PKI multiple issuers RFC 4158 backtracking,SMTP,implicit-TLS,N/A,1.2,HIGH,valid,complete-chain,ECDSA,matched,post-TLS-encrypted,IMPLICIT_TLS,TRUSTED_CHAIN,,,,,ECDHE,True,False,none,,False,False,dns,backtracking,VISIBLE,custom_multi_issuer_pki
PCAP-120,canonical,Client STARTTLS without server advertisement,SMTP,STARTTLS-upgraded,no-advertisement,N/A,N/A,N/A,N/A,N/A,N/A,none,STARTTLS_WITHOUT_ADVERTISEMENT,N/A,,,,,,False,False,none,no_advertisement,False,False,dns,,NOT_PRESENT,protocol_proxy_or_modified_server
PCAP-121,canonical,TLS fatal handshake_failure alert,SMTP,implicit-TLS,N/A,1.2,HIGH,N/A,N/A,N/A,N/A,none,IMPLICIT_TLS,N/A,,,,,,True,False,none,,False,False,dns,,VISIBLE,server_sends_fatal_alert
PCAP-122,canonical,TLS 1.3 0-RTT early data — HANDSHAKE_STATUS_UNRESOLVED,SMTP,implicit-TLS,N/A,1.3,HIGH,valid,complete-chain,ECDSA,matched,post-TLS-encrypted,IMPLICIT_TLS,TRUSTED_CHAIN,,,,PSK_DHE,,True,False,none,,False,False,dns,,ENCRYPTED,psk_resumption_with_early_data
PCAP-123,canonical,IMAP STARTTLS accepted,IMAP,STARTTLS-upgraded,normal,1.3,HIGH,valid,complete-chain,ECDSA,matched,post-TLS-encrypted,UPGRADED,TRUSTED_CHAIN,,,,ECDHE,,True,False,none,accepted,False,False,dns,,ENCRYPTED,standard_starttls_upgrade
PCAP-124,canonical,POP3 STLS accepted,POP3,STARTTLS-upgraded,normal,1.3,HIGH,valid,complete-chain,ECDSA,matched,post-TLS-encrypted,UPGRADED,TRUSTED_CHAIN,,,,ECDHE,,True,False,none,accepted,False,False,dns,,ENCRYPTED,standard_stls_upgrade
PCAP-125,canonical,TLS 1.3→TLS 1.2 without sentinel — NEGOTIATED_BELOW_CLIENT_MAX,SMTP,implicit-TLS,N/A,1.2,HIGH,valid,complete-chain,ECDSA,matched,post-TLS-encrypted,IMPLICIT_TLS,TRUSTED_CHAIN,,,,,ECDHE,True,False,none,,False,False,dns,,VISIBLE,server_downgrade_without_sentinel
PCAP-126,canonical,TLS 1.2 + RSA-1024 weak key,SMTP,implicit-TLS,N/A,1.2,HIGH,valid,complete-chain,RSA-PKCS1v15,matched,post-TLS-encrypted,IMPLICIT_TLS,TRUSTED_CHAIN,,,,,ECDHE,True,False,none,,False,False,dns,,VISIBLE,cert_rsa1024
